image,ctc_cer,attn_cer,ctc_cer_int8,attn_cer_int8,ctc_wer,attn_wer,ctc_wer_int8,attn_wer_int8,ctc_time,attn_time,ctc_time_int8,attn_time_int8
all_data/dataset/test/image_91235.jpg,0.039603960396039604,0.06435643564356436,0.039603960396039604,0.06435643564356436,0.2571428571428571,0.2571428571428571,0.2571428571428571,0.2571428571428571,0.3417012691497803,0.7562625408172607,0.8378293514251709,0.9301280975341797
all_data/dataset/test/image_25664.jpg,0.0,0.0,0.0,0.0,0.0,0.0,0.0,0.0,0.8154799938201904,1.0382575988769531,0.7882077693939209,0.9300270080566406
all_data/dataset/test/image_67410.jpg,0.1095890410958904,0.0,0.1095890410958904,0.0821917808219178,0.38461538461538464,0.0,0.38461538461538464,0.15384615384615385,0.8148365020751953,0.8798840045928955,0.779123067855835,0.88454270362854
all_data/dataset/test/image_90007.jpg,0.038461538461538464,0.019230769230769232,0.019230769230769232,0.019230769230769232,0.2857142857142857,0.14285714285714285,0.14285714285714285,0.14285714285714285,0.8685081005096436,1.0528981685638428,0.782355785369873,0.8907480239868164
all_data/dataset/test/image_98835.jpg,0.5512820512820513,0.5085470085470085,0.5512820512820513,0.4700854700854701,0.9714285714285714,0.7142857142857143,0.9714285714285714,0.6571428571428571,0.8693246841430664,0.9455206394195557,0.7959628105163574,0.9556179046630859
all_data/dataset/test/image_80303.jpg,0.01098901098901099,0.06593406593406594,0.01098901098901099,0.0989010989010989,0.07142857142857142,0.2857142857142857,0.07142857142857142,0.2857142857142857,0.9074561595916748,0.8779938220977783,0.863471508026123,0.9564554691314697
all_data/dataset/test/image_12769.jpg,0.03125,0.13839285714285715,0.026785714285714284,0.12946428571428573,0.14285714285714285,0.2,0.14285714285714285,0.17142857142857143,0.7738635540008545,0.908388614654541,0.8252897262573242,0.9371769428253174
all_data/dataset/test/image_27248.jpg,0.03773584905660377,0.03773584905660377,0.03773584905660377,0.03773584905660377,0.2857142857142857,0.2857142857142857,0.2857142857142857,0.2857142857142857,0.8618133068084717,0.9574129581451416,0.7789559364318848,0.9707136154174805
all_data/dataset/test/image_65011.jpg,0.011111111111111112,0.03888888888888889,0.011111111111111112,0.03888888888888889,0.05714285714285714,0.14285714285714285,0.05714285714285714,0.14285714285714285,0.8527295589447021,1.01090407371521,0.8330395221710205,0.9318959712982178
all_data/dataset/test/image_32262.jpg,0.0,0.0,0.0,0.0,0.0,0.0,0.0,0.0,0.7906980514526367,0.8745417594909668,0.8449268341064453,0.8870255947113037
all_data/dataset/test/image_18458.jpg,0.03614457831325301,0.0,0.03614457831325301,0.0,0.18181818181818182,0.0,0.18181818181818182,0.0,0.834071159362793,0.8940527439117432,0.7588930130004883,0.9310929775238037
all_data/dataset/test/image_39088.jpg,0.0,0.0,0.0,0.0,0.0,0.0,0.0,0.0,0.8122305870056152,0.8858063220977783,0.8234210014343262,0.8474216461181641
all_data/dataset/test/image_39179.jpg,0.0,0.037037037037037035,0.0,0.037037037037037035,0.0,0.125,0.0,0.125,0.8030025959014893,0.9013683795928955,0.7912588119506836,0.9658565521240234
all_data/dataset/test/image_11253.jpg,0.0,0.0,0.0,0.0,0.0,0.0,0.0,0.0,0.7790179252624512,0.8592796325683594,0.7739315032958984,0.9389896392822266
all_data/dataset/test/image_29734.jpg,0.04455445544554455,0.12871287128712872,0.04455445544554455,0.034653465346534656,0.2571428571428571,0.2571428571428571,0.2571428571428571,0.11428571428571428,0.8693370819091797,0.8859407901763916,0.7440779209136963,0.8417880535125732
all_data/dataset/test/image_70524.jpg,0.034482758620689655,0.0,0.034482758620689655,0.0,0.3333333333333333,0.0,0.3333333333333333,0.0,0.9000685214996338,0.9389467239379883,0.8111810684204102,0.893791913986206
all_data/dataset/test/image_51602.jpg,0.12698412698412698,0.031746031746031744,0.12698412698412698,0.026455026455026454,0.4838709677419355,0.0967741935483871,0.4838709677419355,0.06451612903225806,0.7888243198394775,0.901432991027832,0.7939443588256836,0.9249804019927979
all_data/dataset/test/image_94435.jpg,0.037037037037037035,0.037037037037037035,0.037037037037037035,0.037037037037037035,0.25,0.25,0.25,0.25,0.8043777942657471,0.8724305629730225,0.8160736560821533,0.853917121887207
all_data/dataset/test/image_50192.jpg,0.0,0.0,0.0,0.0,0.0,0.0,0.0,0.0,0.8343527317047119,0.910865068435669,0.8382351398468018,0.9157228469848633
all_data/dataset/test/image_42115.jpg,0.024390243902439025,0.024390243902439025,0.024390243902439025,0.024390243902439025,0.08333333333333333,0.08333333333333333,0.08333333333333333,0.08333333333333333,0.8890705108642578,0.9256689548492432,0.8504598140716553,0.9921386241912842
all_data/dataset/test/image_32208.jpg,0.025,0.04375,0.025,0.04375,0.14285714285714285,0.17857142857142858,0.14285714285714285,0.17857142857142858,0.8755135536193848,0.9716930389404297,0.8393564224243164,0.9724831581115723
all_data/dataset/test/image_93599.jpg,0.029914529914529916,0.17094017094017094,0.029914529914529916,0.18376068376068377,0.21212121212121213,0.3333333333333333,0.21212121212121213,0.3333333333333333,0.8378405570983887,0.9393556118011475,0.8307502269744873,0.9402527809143066
all_data/dataset/test/image_87256.jpg,0.0,0.0,0.0,0.0,0.0,0.0,0.0,0.0,0.8587782382965088,1.0494182109832764,0.9092020988464355,0.8955941200256348
all_data/dataset/test/image_87483.jpg,0.0,0.0,0.0,0.0,0.0,0.0,0.0,0.0,0.7725560665130615,0.9088399410247803,0.8115174770355225,0.9394195079803467
all_data/dataset/test/image_46561.jpg,0.2631578947368421,0.25,0.27631578947368424,0.25877192982456143,0.7714285714285715,0.6,0.8285714285714286,0.6,0.830439567565918,0.9066221714019775,0.779491662979126,0.8543212413787842
all_data/dataset/test/image_80417.jpg,0.04072398190045249,0.11312217194570136,0.04072398190045249,0.11312217194570136,0.18181818181818182,0.24242424242424243,0.18181818181818182,0.24242424242424243,0.8333330154418945,1.0570223331451416,0.8141043186187744,0.9028527736663818
all_data/dataset/test/image_64225.jpg,0.0,0.0,0.0,0.0,0.0,0.0,0.0,0.0,0.8644270896911621,1.1866090297698975,0.9266834259033203,0.8582210540771484
all_data/dataset/test/image_98278.jpg,0.9,1.0,0.8958333333333334,1.0,1.0,1.0,1.0,1.0,0.838233232498169,1.0259511470794678,0.8283755779266357,1.0085787773132324
all_data/dataset/test/image_76411.jpg,0.0,0.0,0.0,0.0,0.0,0.0,0.0,0.0,0.8302195072174072,0.9057397842407227,0.7643935680389404,1.034571886062622
all_data/dataset/test/image_12976.jpg,0.16796875,0.26171875,0.16796875,0.25,0.5882352941176471,0.4117647058823529,0.5882352941176471,0.35294117647058826,0.8590822219848633,1.0271320343017578,0.7883651256561279,0.8456668853759766
all_data/dataset/test/image_18494.jpg,0.1,0.1,0.1,0.1,0.5,0.5,0.5,0.5,0.8365023136138916,0.9088165760040283,0.8253662586212158,1.122023344039917
all_data/dataset/test/image_60481.jpg,0.0,0.0,0.0,0.0,0.0,0.0,0.0,0.0,0.7908222675323486,0.8826680183410645,0.8628232479095459,0.908113956451416
all_data/dataset/test/image_00104.jpg,0.021052631578947368,0.021052631578947368,0.021052631578947368,0.021052631578947368,0.125,0.125,0.125,0.125,0.8477447032928467,0.9841518402099609,0.9250924587249756,0.8135521411895752
all_data/dataset/test/image_52865.jpg,0.0,0.0,0.0,0.0,0.0,0.0,0.0,0.0,0.8576211929321289,0.8595147132873535,0.8641676902770996,1.0228142738342285
all_data/dataset/test/image_93247.jpg,0.0,0.0,0.0,0.0,0.0,0.0,0.0,0.0,0.9545769691467285,1.326972246170044,0.8083450794219971,0.8385140895843506
all_data/dataset/test/image_03751.jpg,0.06666666666666667,0.3244444444444444,0.06222222222222222,0.28888888888888886,0.22857142857142856,0.5142857142857142,0.22857142857142856,0.5142857142857142,0.8099408149719238,0.900270938873291,0.8562304973602295,1.003037452697754
all_data/dataset/test/image_15571.jpg,0.0,0.0,0.0,0.0,0.0,0.0,0.0,0.0,1.0327904224395752,1.2339398860931396,0.86922287940979,0.9914388656616211
all_data/dataset/test/image_00252.jpg,0.029411764705882353,0.029411764705882353,0.029411764705882353,0.029411764705882353,0.15384615384615385,0.15384615384615385,0.15384615384615385,0.15384615384615385,0.8098533153533936,0.8925125598907471,0.7855567932128906,0.951312780380249
all_data/dataset/test/image_13499.jpg,0.19148936170212766,0.20851063829787234,0.19148936170212766,0.2127659574468085,0.65625,0.4375,0.65625,0.5,0.8329646587371826,0.9642632007598877,0.820770263671875,0.8471486568450928
all_data/dataset/test/image_86996.jpg,0.0,0.0,0.0,0.0,0.0,0.0,0.0,0.0,0.8087410926818848,0.9197647571563721,0.9188752174377441,0.9135231971740723
all_data/dataset/test/image_20708.jpg,0.0,0.0,0.0,0.0,0.0,0.0,0.0,0.0,0.8957507610321045,0.9138481616973877,0.8289263248443604,0.9569182395935059
all_data/dataset/test/image_41138.jpg,0.0,0.0,0.0,0.0,0.0,0.0,0.0,0.0,0.7607030868530273,0.9365983009338379,0.8618783950805664,0.8971755504608154
all_data/dataset/test/image_39435.jpg,0.032467532467532464,0.03896103896103896,0.032467532467532464,0.03896103896103896,0.09090909090909091,0.13636363636363635,0.09090909090909091,0.13636363636363635,0.8738338947296143,0.9912614822387695,0.857111930847168,0.9128062725067139
all_data/dataset/test/image_67059.jpg,0.0,0.0,0.0,0.0,0.0,0.0,0.0,0.0,0.7977924346923828,0.9602484703063965,0.8145303726196289,0.8863732814788818
all_data/dataset/test/image_43140.jpg,0.0752212389380531,0.14601769911504425,0.0752212389380531,0.14601769911504425,0.22857142857142856,0.3142857142857143,0.22857142857142856,0.3142857142857143,0.8147952556610107,0.9325854778289795,0.8957605361938477,0.8961496353149414
all_data/dataset/test/image_75046.jpg,0.0391304347826087,0.17391304347826086,0.034782608695652174,0.17391304347826086,0.14285714285714285,0.2571428571428571,0.11428571428571428,0.2571428571428571,0.8787949085235596,0.9124283790588379,0.9012284278869629,0.8806173801422119
all_data/dataset/test/image_03190.jpg,0.07079646017699115,0.035398230088495575,0.07079646017699115,0.035398230088495575,0.3125,0.25,0.3125,0.25,0.8074343204498291,0.9660420417785645,0.9249365329742432,0.8632116317749023
all_data/dataset/test/image_43816.jpg,0.0962962962962963,0.05185185185185185,0.0962962962962963,0.044444444444444446,0.3157894736842105,0.3157894736842105,0.3157894736842105,0.2631578947368421,0.9852347373962402,0.9054102897644043,0.9172267913818359,0.8886756896972656
all_data/dataset/test/image_29373.jpg,0.0,0.0,0.0,0.0,0.0,0.0,0.0,0.0,0.7841932773590088,1.0886647701263428,0.84889817237854,0.9810218811035156
all_data/dataset/test/image_50645.jpg,0.11914893617021277,0.1829787234042553,0.12340425531914893,0.1829787234042553,0.4,0.37142857142857144,0.4,0.37142857142857144,0.8266239166259766,0.9776077270507812,0.8237435817718506,0.9532225131988525
all_data/dataset/test/image_79338.jpg,0.018518518518518517,0.08796296296296297,0.018518518518518517,0.08796296296296297,0.11428571428571428,0.14285714285714285,0.11428571428571428,0.14285714285714285,0.9412448406219482,1.0387346744537354,0.9567117691040039,1.0887806415557861
all_data/dataset/test/image_48335.jpg,0.4851063829787234,0.4127659574468085,0.4808510638297872,0.42127659574468085,0.9142857142857143,0.7142857142857143,0.9142857142857143,0.7142857142857143,0.8626885414123535,0.9980165958404541,0.7932338714599609,0.9272856712341309
all_data/dataset/test/image_54566.jpg,0.05063291139240506,0.05063291139240506,0.05063291139240506,0.05063291139240506,0.09090909090909091,0.09090909090909091,0.09090909090909091,0.09090909090909091,0.9363267421722412,0.9206445217132568,0.9208338260650635,1.008049726486206
all_data/dataset/test/image_81049.jpg,0.04411764705882353,0.04411764705882353,0.04411764705882353,0.04411764705882353,0.3,0.2,0.3,0.2,0.7905795574188232,0.9038989543914795,0.8351874351501465,1.0116894245147705
all_data/dataset/test/image_35288.jpg,0.0,0.0,0.0,0.005405405405405406,0.0,0.0,0.0,0.030303030303030304,0.8574140071868896,1.104823350906372,1.247316598892212,1.6024632453918457
all_data/dataset/test/image_35164.jpg,0.7992125984251969,0.7047244094488189,0.7952755905511811,0.6692913385826772,1.0,0.9142857142857143,1.0,0.9142857142857143,1.369558572769165,1.5893664360046387,1.2994673252105713,1.0364713668823242
all_data/dataset/test/image_48157.jpg,0.15730337078651685,0.0449438202247191,0.14606741573033707,0.0449438202247191,0.6,0.26666666666666666,0.5333333333333333,0.26666666666666666,0.8025844097137451,0.9573304653167725,0.822044849395752,0.9458675384521484
all_data/dataset/test/image_44301.jpg,0.0,0.0,0.0,0.0,0.0,0.0,0.0,0.0,0.8448328971862793,0.9743714332580566,0.8637104034423828,0.945354700088501
all_data/dataset/test/image_59657.jpg,0.08849557522123894,0.2079646017699115,0.08849557522123894,0.22123893805309736,0.2857142857142857,0.4,0.2857142857142857,0.45714285714285713,0.8839261531829834,1.032757043838501,0.7861151695251465,1.665820598602295
all_data/dataset/test/image_06355.jpg,0.011494252873563218,0.005747126436781609,0.011494252873563218,0.005747126436781609,0.07692307692307693,0.038461538461538464,0.07692307692307693,0.038461538461538464,1.3169198036193848,1.1829934120178223,1.1275279521942139,1.3254673480987549
all_data/dataset/test/image_01669.jpg,0.10176991150442478,0.1592920353982301,0.10176991150442478,0.1592920353982301,0.2857142857142857,0.34285714285714286,0.2857142857142857,0.34285714285714286,1.3851025104522705,1.943497896194458,1.5176773071289062,1.6498603820800781
all_data/dataset/test/image_88537.jpg,0.0,0.0,0.0,0.0,0.0,0.0,0.0,0.0,1.546414852142334,1.7230072021484375,1.3252027034759521,1.6690635681152344
all_data/dataset/test/image_56906.jpg,0.020833333333333332,0.0,0.020833333333333332,0.0,0.13793103448275862,0.0,0.13793103448275862,0.0,1.4161179065704346,1.749204158782959,1.288520097732544,1.3943915367126465
all_data/dataset/test/image_01092.jpg,0.010869565217391304,0.005434782608695652,0.010869565217391304,0.005434782608695652,0.03333333333333333,0.06666666666666667,0.03333333333333333,0.06666666666666667,1.1913185119628906,2.055979013442993,1.2314894199371338,1.6865513324737549
all_data/dataset/test/image_56815.jpg,0.03636363636363636,0.03636363636363636,0.03636363636363636,0.03636363636363636,0.2222222222222222,0.2222222222222222,0.2222222222222222,0.2222222222222222,1.375507116317749,1.3495769500732422,1.1903972625732422,1.2543213367462158
all_data/dataset/test/image_34337.jpg,0.01680672268907563,0.01680672268907563,0.01680672268907563,0.01680672268907563,0.1,0.1,0.1,0.1,1.798335313796997,1.844597578048706,1.3585612773895264,1.901315450668335
all_data/dataset/test/image_17504.jpg,0.045871559633027525,0.045871559633027525,0.045871559633027525,0.045871559633027525,0.1,0.1,0.1,0.1,1.8200063705444336,2.2300832271575928,1.3729281425476074,1.2459914684295654
all_data/dataset/test/image_09487.jpg,0.0,0.03333333333333333,0.0,0.03333333333333333,0.0,0.16666666666666666,0.0,0.16666666666666666,1.131575345993042,1.2924082279205322,1.2915310859680176,1.2754154205322266
all_data/dataset/test/image_16353.jpg,0.0,0.0,0.0,0.0,0.0,0.0,0.0,0.0,1.2638425827026367,1.495553731918335,1.3809680938720703,1.97499680519104
all_data/dataset/test/image_39012.jpg,0.005154639175257732,0.005154639175257732,0.005154639175257732,0.005154639175257732,0.02857142857142857,0.02857142857142857,0.02857142857142857,0.02857142857142857,0.7977235317230225,0.8931703567504883,0.9486923217773438,0.9480855464935303
all_data/dataset/test/image_87876.jpg,0.0,0.0,0.0,0.0,0.0,0.0,0.0,0.0,1.0207645893096924,1.100417137145996,0.8796279430389404,0.9393622875213623
all_data/dataset/test/image_67532.jpg,0.2928870292887029,0.2594142259414226,0.29707112970711297,0.26359832635983266,0.8571428571428571,0.5428571428571428,0.8571428571428571,0.5714285714285714,0.9398510456085205,1.029404878616333,0.736304759979248,0.9456303119659424
all_data/dataset/test/image_85479.jpg,0.058823529411764705,0.11764705882352941,0.058823529411764705,0.058823529411764705,0.16666666666666666,0.16666666666666666,0.16666666666666666,0.16666666666666666,0.7703914642333984,0.9301555156707764,0.796215295791626,0.8727314472198486
all_data/dataset/test/image_57773.jpg,0.0319634703196347,0.136986301369863,0.0273972602739726,0.1415525114155251,0.14285714285714285,0.2857142857142857,0.11428571428571428,0.2857142857142857,0.8248958587646484,0.9065096378326416,0.8391726016998291,0.8241188526153564
all_data/dataset/test/image_31065.jpg,0.03529411764705882,0.03529411764705882,0.03529411764705882,0.03529411764705882,0.18181818181818182,0.18181818181818182,0.18181818181818182,0.18181818181818182,0.8030781745910645,0.9619579315185547,0.8545684814453125,0.9713876247406006
all_data/dataset/test/image_51310.jpg,0.0,0.0,0.0,0.0,0.0,0.0,0.0,0.0,0.7857894897460938,0.9135782718658447,0.9083156585693359,0.9952974319458008
all_data/dataset/test/image_64894.jpg,0.0,0.0,0.0,0.0,0.0,0.0,0.0,0.0,0.7526507377624512,0.8900907039642334,0.8172791004180908,0.855191707611084
all_data/dataset/test/image_36293.jpg,0.017543859649122806,0.05263157894736842,0.017543859649122806,0.05263157894736842,0.16666666666666666,0.5,0.16666666666666666,0.5,0.774573802947998,0.9084513187408447,0.7645795345306396,0.9305346012115479
all_data/dataset/test/image_98882.jpg,0.08974358974358974,0.0641025641025641,0.08974358974358974,0.0641025641025641,0.36666666666666664,0.16666666666666666,0.36666666666666664,0.16666666666666666,0.7604203224182129,0.9295084476470947,0.7705683708190918,0.8863720893859863
all_data/dataset/test/image_10218.jpg,0.0,0.0,0.0,0.0,0.0,0.0,0.0,0.0,0.7638163566589355,0.9630136489868164,0.7940170764923096,0.9179141521453857
all_data/dataset/test/image_21471.jpg,0.0,0.0,0.0,0.0,0.0,0.0,0.0,0.0,0.7683610916137695,0.9103612899780273,0.7710702419281006,0.9395136833190918
all_data/dataset/test/image_09341.jpg,0.0,0.0,0.0,0.0,0.0,0.0,0.0,0.0,0.799004077911377,0.9422144889831543,0.8054487705230713,0.8896260261535645
all_data/dataset/test/image_97844.jpg,0.051643192488262914,0.08450704225352113,0.051643192488262914,0.08450704225352113,0.22857142857142856,0.2,0.22857142857142856,0.2,0.7606358528137207,0.8674752712249756,0.754568338394165,0.8856689929962158
all_data/dataset/test/image_79977.jpg,0.029850746268656716,0.029850746268656716,0.029850746268656716,0.029850746268656716,0.2,0.2,0.2,0.2,0.8541383743286133,0.904618501663208,0.7541964054107666,0.867739200592041
all_data/dataset/test/image_31087.jpg,0.0,0.0,0.0,0.0,0.0,0.0,0.0,0.0,0.8416423797607422,0.9106094837188721,0.7751913070678711,0.9547512531280518
all_data/dataset/test/image_10266.jpg,0.0,0.0392156862745098,0.0,0.0392156862745098,0.0,0.3333333333333333,0.0,0.3333333333333333,0.8015923500061035,0.9039943218231201,0.8544728755950928,0.8650519847869873
all_data/dataset/test/image_55939.jpg,0.012987012987012988,0.0,0.012987012987012988,0.0,0.2222222222222222,0.0,0.2222222222222222,0.0,0.7933621406555176,0.8960213661193848,0.8479514122009277,0.801994800567627
all_data/dataset/test/image_36688.jpg,0.03428571428571429,0.017142857142857144,0.02857142857142857,0.017142857142857144,0.16666666666666666,0.125,0.125,0.125,0.7981491088867188,0.8659868240356445,0.8102304935455322,0.8957679271697998
all_data/dataset/test/image_58236.jpg,0.8744939271255061,0.9919028340080972,0.8785425101214575,0.9878542510121457,1.0,1.0,1.0,1.0,0.8156960010528564,0.9183230400085449,0.7885491847991943,0.8294095993041992
all_data/dataset/test/image_66306.jpg,0.045454545454545456,0.030303030303030304,0.045454545454545456,0.030303030303030304,0.2727272727272727,0.18181818181818182,0.2727272727272727,0.18181818181818182,0.823972225189209,0.8580722808837891,0.7698957920074463,0.9325244426727295
all_data/dataset/test/image_97023.jpg,0.017241379310344827,0.08620689655172414,0.017241379310344827,0.08620689655172414,0.09523809523809523,0.14285714285714285,0.09523809523809523,0.14285714285714285,0.7875351905822754,0.9187114238739014,0.8344614505767822,0.8495333194732666
all_data/dataset/test/image_06052.jpg,0.0,0.0,0.0,0.0,0.0,0.0,0.0,0.0,0.7923400402069092,0.9118626117706299,0.8067662715911865,0.8621535301208496
all_data/dataset/test/image_12938.jpg,0.0,0.0,0.0,0.0,0.0,0.0,0.0,0.0,0.8374218940734863,0.9510505199432373,0.7365372180938721,0.8942868709564209
all_data/dataset/test/image_16526.jpg,0.027522935779816515,0.11467889908256881,0.027522935779816515,0.11009174311926606,0.17142857142857143,0.22857142857142856,0.17142857142857143,0.22857142857142856,0.826350212097168,0.889721155166626,0.7796995639801025,0.8425168991088867
all_data/dataset/test/image_45248.jpg,0.2653061224489796,0.2530612244897959,0.2693877551020408,0.24489795918367346,0.6285714285714286,0.4857142857142857,0.6285714285714286,0.4857142857142857,0.8070366382598877,0.952878475189209,0.7476565837860107,1.0323705673217773
all_data/dataset/test/image_09664.jpg,0.0,0.0,0.0,0.0,0.0,0.0,0.0,0.0,0.8542919158935547,1.1317284107208252,0.757441520690918,0.9194357395172119
all_data/dataset/test/image_88470.jpg,0.03773584905660377,0.05660377358490566,0.03773584905660377,0.05660377358490566,0.25,0.25,0.25,0.25,1.130793571472168,0.9596285820007324,0.89906907081604,0.9588778018951416
all_data/dataset/test/image_49105.jpg,0.0,0.0,0.0,0.0,0.0,0.0,0.0,0.0,0.8336920738220215,0.9228940010070801,0.8327505588531494,0.8896329402923584
all_data/dataset/test/image_05354.jpg,0.0,0.0,0.0,0.0,0.0,0.0,0.0,0.0,0.9246726036071777,1.0176005363464355,0.7699427604675293,0.9019379615783691
all_data/dataset/test/image_43182.jpg,0.022099447513812154,0.0055248618784530384,0.022099447513812154,0.0055248618784530384,0.14814814814814814,0.037037037037037035,0.14814814814814814,0.037037037037037035,0.7593004703521729,0.8781001567840576,0.748201847076416,0.8701627254486084
all_data/dataset/test/image_10627.jpg,0.01675977653631285,0.01675977653631285,0.01675977653631285,0.01675977653631285,0.10714285714285714,0.10714285714285714,0.10714285714285714,0.10714285714285714,0.7978725433349609,0.888702392578125,0.7380328178405762,0.865964412689209
all_data/dataset/test/image_37509.jpg,0.08225108225108226,0.19047619047619047,0.08658008658008658,0.18614718614718614,0.34285714285714286,0.2857142857142857,0.37142857142857144,0.2571428571428571,0.8455908298492432,0.8954389095306396,0.7427170276641846,0.8697125911712646
all_data/dataset/test/image_96637.jpg,0.031746031746031744,0.031746031746031744,0.031746031746031744,0.031746031746031744,0.18181818181818182,0.18181818181818182,0.18181818181818182,0.18181818181818182,0.8065564632415771,0.9050295352935791,1.1174373626708984,0.8135256767272949
all_data/dataset/test/image_28305.jpg,0.08130081300813008,0.056910569105691054,0.08943089430894309,0.04878048780487805,0.5,0.25,0.5625,0.25,0.8267538547515869,0.8836755752563477,0.8597495555877686,1.0190417766571045
all_data/dataset/test/image_65380.jpg,0.038461538461538464,0.0,0.038461538461538464,0.0,0.2,0.0,0.2,0.0,0.73649001121521,0.9406561851501465,0.7965474128723145,0.8544344902038574
all_data/dataset/test/image_73068.jpg,0.0,0.0,0.0,0.0,0.0,0.0,0.0,0.0,0.8181061744689941,0.958204984664917,0.7475454807281494,0.8645274639129639
all_data/dataset/test/image_30313.jpg,0.1,0.19166666666666668,0.09583333333333334,0.19166666666666668,0.4857142857142857,0.34285714285714286,0.4857142857142857,0.34285714285714286,0.7349936962127686,0.8668763637542725,0.7564268112182617,0.9056730270385742
all_data/dataset/test/image_36598.jpg,0.0,0.0,0.0,0.0,0.0,0.0,0.0,0.0,0.8220474720001221,0.936115026473999,0.774529218673706,0.8965022563934326
all_data/dataset/test/image_14853.jpg,0.0,0.0,0.0,0.0,0.0,0.0,0.0,0.0,0.8076863288879395,0.8845715522766113,0.7548439502716064,0.8841962814331055
all_data/dataset/test/image_66033.jpg,0.11428571428571428,0.1,0.11428571428571428,0.1,0.6,0.3,0.6,0.3,0.8126513957977295,0.9004080295562744,0.7608258724212646,0.8811533451080322
all_data/dataset/test/image_28144.jpg,0.00980392156862745,0.09313725490196079,0.00980392156862745,0.09313725490196079,0.08571428571428572,0.2571428571428571,0.08571428571428572,0.2571428571428571,0.811699390411377,0.897348165512085,0.8252511024475098,0.8435976505279541
all_data/dataset/test/image_37946.jpg,0.022900763358778626,0.015267175572519083,0.022900763358778626,0.015267175572519083,0.13043478260869565,0.08695652173913043,0.13043478260869565,0.08695652173913043,0.855384349822998,0.9576125144958496,1.0443806648254395,0.8574790954589844
all_data/dataset/test/image_85052.jpg,0.0,0.0,0.0,0.0,0.0,0.0,0.0,0.0,0.8323824405670166,0.8804564476013184,0.758674144744873,0.9056484699249268
all_data/dataset/test/image_37645.jpg,0.0,0.0,0.0,0.0,0.0,0.0,0.0,0.0,0.7831575870513916,0.9073896408081055,0.9186255931854248,0.8662948608398438
all_data/dataset/test/image_51554.jpg,0.0,0.0,0.0,0.0,0.0,0.0,0.0,0.0,0.7682640552520752,0.8709321022033691,0.7656741142272949,0.8674075603485107
all_data/dataset/test/image_31597.jpg,0.0,0.013513513513513514,0.0,0.013513513513513514,0.0,0.08333333333333333,0.0,0.08333333333333333,0.7858433723449707,0.8910107612609863,0.7737932205200195,0.9375226497650146
all_data/dataset/test/image_21264.jpg,0.0,0.0,0.0,0.0,0.0,0.0,0.0,0.0,0.7563934326171875,0.8509211540222168,0.8203160762786865,0.8967981338500977
all_data/dataset/test/image_77880.jpg,0.0,0.0,0.0,0.0,0.0,0.0,0.0,0.0,0.7927517890930176,0.9354877471923828,0.7817356586456299,0.8362352848052979
all_data/dataset/test/image_75684.jpg,0.057971014492753624,0.057971014492753624,0.057971014492753624,0.057971014492753624,0.2727272727272727,0.2727272727272727,0.2727272727272727,0.2727272727272727,0.8103592395782471,0.9287757873535156,0.8414771556854248,0.8115313053131104
all_data/dataset/test/image_60525.jpg,0.009345794392523364,0.0,0.009345794392523364,0.0,0.047619047619047616,0.0,0.047619047619047616,0.0,0.7591311931610107,0.9393231868743896,0.7915360927581787,0.9268264770507812
all_data/dataset/test/image_69529.jpg,0.034482758620689655,0.1810344827586207,0.034482758620689655,0.16810344827586207,0.2,0.2571428571428571,0.2,0.2571428571428571,0.8313839435577393,0.849578857421875,0.8102705478668213,0.9048795700073242
all_data/dataset/test/image_71762.jpg,0.0,0.0,0.0,0.0,0.0,0.0,0.0,0.0,0.8136279582977295,0.8924202919006348,0.8091473579406738,0.8968033790588379
all_data/dataset/test/image_50309.jpg,0.0,0.025,0.0,0.025,0.0,0.14285714285714285,0.0,0.14285714285714285,0.7570521831512451,0.9852418899536133,0.8283438682556152,0.8877458572387695
all_data/dataset/test/image_80450.jpg,0.06741573033707865,0.0449438202247191,0.06741573033707865,0.0449438202247191,0.36363636363636365,0.36363636363636365,0.36363636363636365,0.36363636363636365,0.804370641708374,0.9675960540771484,0.7661714553833008,0.8608274459838867
all_data/dataset/test/image_47564.jpg,0.05660377358490566,0.03773584905660377,0.05660377358490566,0.03773584905660377,0.2857142857142857,0.2857142857142857,0.2857142857142857,0.2857142857142857,0.7787027359008789,0.9051330089569092,0.7339932918548584,0.9820272922515869
all_data/dataset/test/image_32632.jpg,0.10344827586206896,0.10344827586206896,0.10344827586206896,0.10344827586206896,0.5,0.5,0.5,0.5,0.833341121673584,0.9427447319030762,0.7796761989593506,0.8962771892547607
all_data/dataset/test/image_36698.jpg,0.2681818181818182,0.1,0.2772727272727273,0.1,0.9142857142857143,0.17142857142857143,0.8857142857142857,0.17142857142857143,0.7831695079803467,0.9450018405914307,0.792435884475708,0.8666069507598877
all_data/dataset/test/image_37964.jpg,0.038461538461538464,0.038461538461538464,0.038461538461538464,0.038461538461538464,0.25,0.25,0.25,0.25,0.789421796798706,0.9096484184265137,0.8599505424499512,1.0540318489074707
all_data/dataset/test/image_73301.jpg,0.07692307692307693,0.1752136752136752,0.07692307692307693,0.19230769230769232,0.3142857142857143,0.34285714285714286,0.3142857142857143,0.34285714285714286,0.7631800174713135,0.9191586971282959,0.7942543029785156,0.8177371025085449
all_data/dataset/test/image_34746.jpg,0.855072463768116,0.7294685990338164,0.8599033816425121,0.7729468599033816,1.0,1.0,1.0,0.967741935483871,0.7779951095581055,0.9098010063171387,0.849236011505127,0.8446621894836426
all_data/dataset/test/image_62343.jpg,0.0,0.0,0.0,0.0,0.0,0.0,0.0,0.0,0.8127486705780029,0.9014880657196045,0.8352444171905518,0.9216766357421875
all_data/dataset/test/image_75663.jpg,0.0392156862745098,0.06862745098039216,0.0392156862745098,0.06862745098039216,0.18181818181818182,0.21212121212121213,0.18181818181818182,0.21212121212121213,0.8036601543426514,0.9085876941680908,0.7508125305175781,0.8511214256286621
all_data/dataset/test/image_97087.jpg,0.0,0.09375,0.0,0.09375,0.0,0.16666666666666666,0.0,0.16666666666666666,0.7932682037353516,0.871859073638916,0.8175384998321533,0.910423994064331
all_data/dataset/test/image_68663.jpg,0.07894736842105263,0.07894736842105263,0.07894736842105263,0.07894736842105263,0.2,0.2,0.2,0.2,0.7765710353851318,0.9078247547149658,0.8171417713165283,0.8338227272033691
all_data/dataset/test/image_29777.jpg,0.0,0.0,0.0,0.0,0.0,0.0,0.0,0.0,0.8005249500274658,0.9436945915222168,0.7648031711578369,0.9175598621368408
all_data/dataset/test/image_90843.jpg,0.0,0.0,0.0,0.0,0.0,0.0,0.0,0.0,0.7967166900634766,0.9663407802581787,0.7701265811920166,0.8377881050109863
all_data/dataset/test/image_08331.jpg,0.0,0.0,0.0,0.0,0.0,0.0,0.0,0.0,0.7977604866027832,0.9396500587463379,0.7602043151855469,0.8513314723968506
all_data/dataset/test/image_81580.jpg,0.0,0.0,0.0,0.0,0.0,0.0,0.0,0.0,0.7802579402923584,0.9064264297485352,0.7761600017547607,0.9015030860900879
all_data/dataset/test/image_66325.jpg,0.014705882352941176,0.0,0.014705882352941176,0.0,0.1,0.0,0.1,0.0,0.7932853698730469,0.9442734718322754,0.8048961162567139,0.8491864204406738
all_data/dataset/test/image_82982.jpg,0.0,0.0,0.0,0.0,0.0,0.0,0.0,0.0,0.8010051250457764,0.9312036037445068,0.8205227851867676,0.9685032367706299
all_data/dataset/test/image_47219.jpg,0.0,0.013605442176870748,0.0,0.013605442176870748,0.0,0.045454545454545456,0.0,0.045454545454545456,0.7713091373443604,0.9504365921020508,0.764918327331543,0.9010839462280273
all_data/dataset/test/image_82536.jpg,0.0,0.0,0.0,0.0,0.0,0.0,0.0,0.0,0.74324631690979,0.975123405456543,0.7816741466522217,0.8951635360717773
all_data/dataset/test/image_21817.jpg,0.0,0.0,0.0,0.0,0.0,0.0,0.0,0.0,0.7779242992401123,0.9023878574371338,0.8044719696044922,0.9895355701446533
all_data/dataset/test/image_86051.jpg,0.0,0.04878048780487805,0.0,0.024390243902439025,0.0,0.5,0.0,0.25,0.8185238838195801,1.0148067474365234,0.8104426860809326,0.9615368843078613
all_data/dataset/test/image_72494.jpg,0.025423728813559324,0.18220338983050846,0.025423728813559324,0.18220338983050846,0.11428571428571428,0.34285714285714286,0.11428571428571428,0.34285714285714286,0.805138111114502,0.9102284908294678,0.7766537666320801,0.9242038726806641
all_data/dataset/test/image_22096.jpg,0.4007936507936508,0.4603174603174603,0.39285714285714285,0.49603174603174605,0.8571428571428571,0.8,0.8857142857142857,0.8,0.776726484298706,0.8722610473632812,0.7839045524597168,0.8627521991729736
all_data/dataset/test/image_07896.jpg,0.0055248618784530384,0.016574585635359115,0.0055248618784530384,0.016574585635359115,0.02857142857142857,0.05714285714285714,0.02857142857142857,0.05714285714285714,0.7569124698638916,0.8883495330810547,0.7501659393310547,0.8786108493804932
all_data/dataset/test/image_97234.jpg,0.0,0.0,0.0,0.0,0.0,0.0,0.0,0.0,0.8270864486694336,0.8860800266265869,0.7594056129455566,0.934551477432251
all_data/dataset/test/image_11468.jpg,0.01098901098901099,0.027472527472527472,0.01098901098901099,0.027472527472527472,0.06451612903225806,0.12903225806451613,0.06451612903225806,0.12903225806451613,0.8170115947723389,0.8863184452056885,0.7652833461761475,0.9027054309844971
all_data/dataset/test/image_44580.jpg,0.06880733944954129,0.0963302752293578,0.06422018348623854,0.10091743119266056,0.37142857142857144,0.14285714285714285,0.34285714285714286,0.2,0.7845466136932373,0.8753280639648438,0.768972635269165,0.9099700450897217
all_data/dataset/test/image_11531.jpg,0.006896551724137931,0.027586206896551724,0.006896551724137931,0.006896551724137931,0.043478260869565216,0.13043478260869565,0.043478260869565216,0.043478260869565216,0.8337855339050293,0.871241569519043,0.7654736042022705,0.8764758110046387
all_data/dataset/test/image_76503.jpg,0.043478260869565216,0.043478260869565216,0.043478260869565216,0.043478260869565216,0.2222222222222222,0.2222222222222222,0.2222222222222222,0.2222222222222222,0.8395500183105469,0.8756680488586426,0.9347455501556396,0.8721764087677002
all_data/dataset/test/image_75884.jpg,0.16877637130801687,0.20253164556962025,0.16033755274261605,0.19831223628691982,0.6176470588235294,0.38235294117647056,0.5882352941176471,0.35294117647058826,0.828455924987793,0.9353053569793701,0.9387574195861816,0.9636878967285156
all_data/dataset/test/image_15468.jpg,0.014285714285714285,0.0,0.014285714285714285,0.0,0.08333333333333333,0.0,0.08333333333333333,0.0,0.7708888053894043,0.8721542358398438,0.7673337459564209,0.8735709190368652
all_data/dataset/test/image_84966.jpg,0.0,0.0,0.0,0.0,0.0,0.0,0.0,0.0,0.8008255958557129,0.869438886642456,0.8309891223907471,0.892228364944458
all_data/dataset/test/image_56611.jpg,0.010526315789473684,0.015789473684210527,0.010526315789473684,0.015789473684210527,0.05714285714285714,0.08571428571428572,0.05714285714285714,0.08571428571428572,0.8165864944458008,0.8974490165710449,0.7916853427886963,0.9102914333343506
all_data/dataset/test/image_85489.jpg,0.0,0.0,0.0,0.0,0.0,0.0,0.0,0.0,0.8092353343963623,0.9298672676086426,0.7825744152069092,0.8154420852661133
all_data/dataset/test/image_23997.jpg,0.021505376344086023,0.021505376344086023,0.021505376344086023,0.021505376344086023,0.11764705882352941,0.11764705882352941,0.11764705882352941,0.11764705882352941,0.8052515983581543,0.86922287940979,0.7850992679595947,0.8575630187988281
all_data/dataset/test/image_79107.jpg,0.04,0.04,0.04,0.04,0.2222222222222222,0.2222222222222222,0.2222222222222222,0.2222222222222222,0.8047895431518555,0.9555089473724365,0.7572441101074219,0.8987405300140381
all_data/dataset/test/image_05455.jpg,0.0,0.017964071856287425,0.0,0.017964071856287425,0.0,0.041666666666666664,0.0,0.041666666666666664,0.8448765277862549,0.8924343585968018,0.8124823570251465,0.8574883937835693
all_data/dataset/test/image_08078.jpg,0.0,0.0,0.0,0.0,0.0,0.0,0.0,0.0,0.7804291248321533,0.8767430782318115,0.8203539848327637,0.8236596584320068
all_data/dataset/test/image_31204.jpg,0.0,0.0,0.0,0.0,0.0,0.0,0.0,0.0,0.8287813663482666,0.8544907569885254,0.7944374084472656,0.9024357795715332
all_data/dataset/test/image_56098.jpg,0.0,0.0,0.0,0.0,0.0,0.0,0.0,0.0,0.7907199859619141,0.8916690349578857,0.7815918922424316,0.882554292678833
all_data/dataset/test/image_63850.jpg,0.0,0.0,0.0,0.0,0.0,0.0,0.0,0.0,0.7962989807128906,0.9271080493927002,0.8348445892333984,0.8638815879821777
all_data/dataset/test/image_54475.jpg,0.0,0.0,0.0,0.0,0.0,0.0,0.0,0.0,0.794414758682251,0.9829130172729492,0.7707195281982422,0.8292450904846191
all_data/dataset/test/image_62636.jpg,0.06854838709677419,0.23790322580645162,0.06854838709677419,0.23387096774193547,0.4,0.4,0.4,0.37142857142857144,0.8133745193481445,0.9178526401519775,0.7433850765228271,0.8836722373962402
all_data/dataset/test/image_59080.jpg,0.37089201877934275,0.2676056338028169,0.38497652582159625,0.19248826291079812,0.9090909090909091,0.696969696969697,0.9090909090909091,0.696969696969697,0.8292098045349121,0.9153668880462646,0.8107929229736328,0.8941061496734619
all_data/dataset/test/image_98305.jpg,0.02403846153846154,0.1346153846153846,0.028846153846153848,0.13942307692307693,0.14285714285714285,0.2571428571428571,0.17142857142857143,0.3142857142857143,0.8283953666687012,0.9215559959411621,0.7932209968566895,0.9322428703308105
all_data/dataset/test/image_29290.jpg,0.0,0.014492753623188406,0.0,0.014492753623188406,0.0,0.09090909090909091,0.0,0.09090909090909091,0.8368420600891113,0.8961243629455566,0.938673734664917,0.9867699146270752
all_data/dataset/test/image_57680.jpg,0.0392156862745098,0.0392156862745098,0.0392156862745098,0.0392156862745098,0.25,0.25,0.25,0.25,0.9038896560668945,0.9340991973876953,0.8188619613647461,0.8970804214477539
all_data/dataset/test/image_77800.jpg,0.04054054054054054,0.033783783783783786,0.04054054054054054,0.033783783783783786,0.14285714285714285,0.09523809523809523,0.14285714285714285,0.09523809523809523,0.8867635726928711,0.8564565181732178,0.7874727249145508,0.8894767761230469
all_data/dataset/test/image_67313.jpg,0.0,0.0,0.0,0.0,0.0,0.0,0.0,0.0,0.8199102878570557,0.923438549041748,0.8183350563049316,0.825469970703125
all_data/dataset/test/image_03824.jpg,0.0,0.0,0.0,0.0,0.0,0.0,0.0,0.0,0.80961012840271,0.9794971942901611,0.7361030578613281,0.8622336387634277
all_data/dataset/test/image_57472.jpg,0.021739130434782608,0.0,0.021739130434782608,0.0,0.14285714285714285,0.0,0.14285714285714285,0.0,0.7983918190002441,0.8876338005065918,0.7553772926330566,0.9456996917724609
all_data/dataset/test/image_40821.jpg,0.0,0.0,0.0,0.0,0.0,0.0,0.0,0.0,0.806584358215332,0.8852646350860596,0.8087456226348877,0.9102036952972412
all_data/dataset/test/image_78287.jpg,0.0,0.0,0.0,0.0,0.0,0.0,0.0,0.0,0.7966713905334473,0.9636995792388916,0.8151900768280029,0.9377622604370117
all_data/dataset/test/image_51249.jpg,0.0,0.0,0.0,0.0,0.0,0.0,0.0,0.0,0.8035516738891602,0.8847975730895996,0.7463102340698242,0.858717679977417
all_data/dataset/test/image_38890.jpg,0.022988505747126436,0.022988505747126436,0.022988505747126436,0.022988505747126436,0.16666666666666666,0.16666666666666666,0.16666666666666666,0.16666666666666666,0.8644485473632812,0.9862885475158691,0.7915627956390381,0.8499176502227783
all_data/dataset/test/image_20863.jpg,0.0,0.0,0.0,0.0,0.0,0.0,0.0,0.0,0.7806739807128906,0.9345788955688477,0.8243560791015625,0.8996260166168213
all_data/dataset/test/image_16016.jpg,0.03125,0.03125,0.03125,0.03125,0.2,0.2,0.2,0.2,0.8219680786132812,0.9194300174713135,0.7905192375183105,0.8544406890869141
all_data/dataset/test/image_42616.jpg,0.03067484662576687,0.03680981595092025,0.03067484662576687,0.03680981595092025,0.13636363636363635,0.09090909090909091,0.13636363636363635,0.09090909090909091,0.7902736663818359,0.8540835380554199,0.7770581245422363,0.8677935600280762
all_data/dataset/test/image_00859.jpg,0.08695652173913043,0.08695652173913043,0.08695652173913043,0.08695652173913043,0.2857142857142857,0.2857142857142857,0.2857142857142857,0.2857142857142857,0.7899308204650879,0.9033803939819336,0.791698694229126,0.8843638896942139
all_data/dataset/test/image_94771.jpg,0.0,0.0,0.0,0.0,0.0,0.0,0.0,0.0,0.7830455303192139,0.8394474983215332,0.7785005569458008,0.8963108062744141
all_data/dataset/test/image_18923.jpg,0.7716049382716049,0.5740740740740741,0.7716049382716049,0.6728395061728395,1.0,0.8148148148148148,1.0,1.0,0.8279941082000732,0.8974606990814209,0.7232029438018799,0.9248168468475342
all_data/dataset/test/image_42586.jpg,0.0,0.0,0.0,0.0,0.0,0.0,0.0,0.0,0.8150355815887451,0.9091334342956543,0.7504732608795166,0.9712152481079102
all_data/dataset/test/image_25609.jpg,0.1267605633802817,0.04225352112676056,0.11267605633802817,0.04225352112676056,0.5,0.3,0.4,0.3,0.8924345970153809,0.911818265914917,0.7983362674713135,0.9205942153930664
all_data/dataset/test/image_75033.jpg,0.0,0.0,0.0,0.0,0.0,0.0,0.0,0.0,0.792576789855957,1.0461857318878174,0.763892650604248,0.8576443195343018
all_data/dataset/test/image_06497.jpg,0.034482758620689655,0.020689655172413793,0.034482758620689655,0.041379310344827586,0.2777777777777778,0.16666666666666666,0.2777777777777778,0.16666666666666666,0.7864866256713867,0.8942561149597168,0.7734899520874023,0.8735251426696777
all_data/dataset/test/image_76599.jpg,0.029411764705882353,0.029411764705882353,0.029411764705882353,0.029411764705882353,0.16666666666666666,0.16666666666666666,0.16666666666666666,0.16666666666666666,0.7889103889465332,0.9032149314880371,0.797393798828125,0.9115827083587646
all_data/dataset/test/image_61351.jpg,0.012987012987012988,0.08441558441558442,0.012987012987012988,0.08441558441558442,0.08695652173913043,0.17391304347826086,0.08695652173913043,0.17391304347826086,0.825721263885498,0.9226415157318115,0.8064243793487549,0.9004194736480713
all_data/dataset/test/image_12764.jpg,0.02112676056338028,0.007042253521126761,0.02112676056338028,0.014084507042253521,0.09090909090909091,0.045454545454545456,0.09090909090909091,0.09090909090909091,0.769291877746582,1.0469324588775635,0.769481897354126,0.9374396800994873
all_data/dataset/test/image_59740.jpg,0.0,0.0,0.0,0.0,0.0,0.0,0.0,0.0,0.8229868412017822,0.8921685218811035,0.8074862957000732,0.938483715057373
all_data/dataset/test/image_94441.jpg,0.0,0.0,0.0,0.0,0.0,0.0,0.0,0.0,0.757699728012085,0.8836805820465088,0.7376935482025146,0.8722355365753174
all_data/dataset/test/image_81424.jpg,0.5878787878787879,0.5696969696969697,0.5757575757575758,0.5333333333333333,1.0,0.8518518518518519,0.9629629629629629,0.8518518518518519,0.8156862258911133,0.9466092586517334,0.7855262756347656,0.9065465927124023
all_data/dataset/test/image_77255.jpg,0.04,0.06,0.04,0.06,0.25,0.25,0.25,0.25,0.7851822376251221,0.8847715854644775,0.7750885486602783,0.8924415111541748
all_data/dataset/test/image_08698.jpg,0.0,0.0,0.0,0.0,0.0,0.0,0.0,0.0,0.8061509132385254,0.8756630420684814,0.7608602046966553,0.8740723133087158
all_data/dataset/test/image_07277.jpg,0.0273972602739726,0.0273972602739726,0.0273972602739726,0.0273972602739726,0.18181818181818182,0.18181818181818182,0.18181818181818182,0.18181818181818182,0.7489883899688721,0.8965039253234863,0.7569601535797119,0.9005281925201416
all_data/dataset/test/image_59433.jpg,0.011428571428571429,0.045714285714285714,0.011428571428571429,0.045714285714285714,0.09090909090909091,0.18181818181818182,0.09090909090909091,0.18181818181818182,0.7728879451751709,0.9367184638977051,0.8512823581695557,0.9046998023986816
all_data/dataset/test/image_84417.jpg,0.0,0.0,0.0,0.0,0.0,0.0,0.0,0.0,0.7930090427398682,0.933093786239624,0.7319285869598389,0.8450169563293457
all_data/dataset/test/image_38621.jpg,0.0,0.0,0.0,0.0,0.0,0.0,0.0,0.0,0.833599328994751,0.9337563514709473,0.8189611434936523,0.9629631042480469
all_data/dataset/test/image_31684.jpg,0.0,0.0,0.0,0.0,0.0,0.0,0.0,0.0,0.8615150451660156,0.8529186248779297,0.7845618724822998,0.9584662914276123
all_data/dataset/test/image_87625.jpg,0.06060606060606061,0.0,0.06060606060606061,0.0,0.16666666666666666,0.0,0.16666666666666666,0.0,0.8178057670593262,1.162503957748413,0.734182596206665,0.8456783294677734
all_data/dataset/test/image_84940.jpg,0.0851063829787234,0.23404255319148937,0.10638297872340426,0.23404255319148937,0.1111111111111111,0.3333333333333333,0.2222222222222222,0.3333333333333333,0.941946268081665,0.9553911685943604,0.7634892463684082,0.8095107078552246
all_data/dataset/test/image_63704.jpg,0.0,0.0,0.0,0.0,0.0,0.0,0.0,0.0,0.8118598461151123,0.9181644916534424,0.7671504020690918,0.9088373184204102
all_data/dataset/test/image_40151.jpg,0.0,0.0,0.0,0.0,0.0,0.0,0.0,0.0,0.8358657360076904,0.8245580196380615,0.7863306999206543,0.9235982894897461
all_data/dataset/test/image_26696.jpg,0.039473684210526314,0.14035087719298245,0.043859649122807015,0.14035087719298245,0.17142857142857143,0.2,0.17142857142857143,0.2,0.8468458652496338,0.9237408638000488,0.77713942527771,0.8607335090637207
all_data/dataset/test/image_48398.jpg,0.0,0.0,0.0,0.0,0.0,0.0,0.0,0.0,0.8453526496887207,0.950739860534668,0.8400440216064453,0.867727518081665
all_data/dataset/test/image_84169.jpg,0.0,0.0,0.0,0.0,0.0,0.0,0.0,0.0,0.8269314765930176,0.8554079532623291,0.7926986217498779,0.878225564956665
all_data/dataset/test/image_16212.jpg,0.0,0.0,0.0,0.0,0.0,0.0,0.0,0.0,0.7928285598754883,0.9286150932312012,0.7892494201660156,0.8966987133026123
all_data/dataset/test/image_62131.jpg,0.13333333333333333,0.13333333333333333,0.13333333333333333,0.13333333333333333,1.0,1.0,1.0,1.0,0.8241713047027588,0.8602464199066162,0.8589158058166504,0.8760218620300293
all_data/dataset/test/image_97919.jpg,0.03524229074889868,0.15418502202643172,0.03524229074889868,0.14977973568281938,0.2,0.2571428571428571,0.2,0.2571428571428571,0.741668701171875,0.9787049293518066,0.8491039276123047,0.8838992118835449
all_data/dataset/test/image_95251.jpg,0.00966183574879227,0.04830917874396135,0.014492753623188406,0.04830917874396135,0.0625,0.09375,0.09375,0.09375,0.8091611862182617,0.8727700710296631,0.739617109298706,0.8363449573516846
all_data/dataset/test/image_79177.jpg,0.05263157894736842,0.05263157894736842,0.05263157894736842,0.05263157894736842,0.3333333333333333,0.3333333333333333,0.3333333333333333,0.3333333333333333,0.7880089282989502,0.9531104564666748,0.7911930084228516,0.9036962985992432
all_data/dataset/test/image_56781.jpg,0.0,0.0,0.0,0.0,0.0,0.0,0.0,0.0,0.8211538791656494,0.8791983127593994,0.7939426898956299,0.9740827083587646
all_data/dataset/test/image_31235.jpg,0.0,0.01694915254237288,0.0,0.01694915254237288,0.0,0.09090909090909091,0.0,0.09090909090909091,0.765728235244751,0.8822836875915527,0.7941737174987793,0.8817286491394043
all_data/dataset/test/image_92045.jpg,0.0,0.0,0.0,0.0,0.0,0.0,0.0,0.0,0.8536388874053955,0.9066188335418701,0.7993395328521729,0.8865437507629395
all_data/dataset/test/image_53690.jpg,0.0,0.0,0.0,0.0,0.0,0.0,0.0,0.0,0.7790286540985107,0.8863003253936768,0.7831957340240479,0.9162828922271729
all_data/dataset/test/image_01088.jpg,0.4339622641509434,0.2679245283018868,0.43018867924528303,0.2679245283018868,0.9428571428571428,0.3142857142857143,0.9428571428571428,0.3142857142857143,0.783581018447876,0.930046558380127,0.7469017505645752,0.8221476078033447
all_data/dataset/test/image_28045.jpg,0.0,0.0,0.0,0.0,0.0,0.0,0.0,0.0,0.8269150257110596,0.9231748580932617,0.757103681564331,0.8847243785858154
all_data/dataset/test/image_42609.jpg,0.0,0.0,0.0,0.0,0.0,0.0,0.0,0.0,0.7679049968719482,0.9385185241699219,0.7522234916687012,0.9457607269287109
all_data/dataset/test/image_34585.jpg,0.0,0.0,0.0,0.0,0.0,0.0,0.0,0.0,0.7773432731628418,0.8670480251312256,0.796973705291748,0.901141881942749
all_data/dataset/test/image_85285.jpg,0.0,0.0,0.0,0.0,0.0,0.0,0.0,0.0,0.8584308624267578,0.865149974822998,0.79585862159729,0.83955979347229
all_data/dataset/test/image_42532.jpg,0.0,0.0,0.0,0.0,0.0,0.0,0.0,0.0,0.7920591831207275,0.9013280868530273,0.7992308139801025,0.8648042678833008
all_data/dataset/test/image_30126.jpg,0.0,0.0,0.0,0.0,0.0,0.0,0.0,0.0,0.8073079586029053,0.9568567276000977,0.7660129070281982,0.8827366828918457
all_data/dataset/test/image_89382.jpg,0.0,0.017241379310344827,0.0,0.017241379310344827,0.0,0.1,0.0,0.1,0.8041596412658691,0.9073152542114258,0.8172564506530762,0.8847014904022217
all_data/dataset/test/image_09280.jpg,0.03508771929824561,0.14035087719298245,0.03508771929824561,0.14035087719298245,0.17647058823529413,0.2647058823529412,0.17647058823529413,0.2647058823529412,0.7939953804016113,0.896167516708374,0.8037171363830566,0.8694541454315186
all_data/dataset/test/image_16874.jpg,0.02054794520547945,0.0136986301369863,0.02054794520547945,0.0136986301369863,0.11538461538461539,0.07692307692307693,0.11538461538461539,0.07692307692307693,0.7750513553619385,0.9271681308746338,0.7681877613067627,0.9299027919769287
all_data/dataset/test/image_26395.jpg,0.0,0.0,0.0,0.0,0.0,0.0,0.0,0.0,0.8321599960327148,0.9001052379608154,0.7746825218200684,0.9000048637390137
all_data/dataset/test/image_18479.jpg,0.019417475728155338,0.019417475728155338,0.019417475728155338,0.019417475728155338,0.14285714285714285,0.14285714285714285,0.14285714285714285,0.14285714285714285,0.8050189018249512,0.8832674026489258,0.785888671875,0.9410088062286377
all_data/dataset/test/image_87836.jpg,0.012269938650306749,0.012269938650306749,0.012269938650306749,0.012269938650306749,0.038461538461538464,0.038461538461538464,0.038461538461538464,0.038461538461538464,0.786933183670044,0.9263801574707031,0.767953634262085,0.915022611618042
all_data/dataset/test/image_76683.jpg,0.04954954954954955,0.14414414414414414,0.04954954954954955,0.15765765765765766,0.2857142857142857,0.2,0.2857142857142857,0.2571428571428571,0.7906928062438965,0.9284918308258057,0.7485945224761963,0.8853449821472168
all_data/dataset/test/image_98966.jpg,0.0,0.0,0.0,0.0,0.0,0.0,0.0,0.0,0.8655130863189697,0.9283790588378906,0.8040595054626465,0.9139292240142822
all_data/dataset/test/image_14982.jpg,0.0,0.0,0.0,0.0,0.0,0.0,0.0,0.0,0.7447259426116943,0.9086313247680664,0.7921860218048096,0.8247277736663818
all_data/dataset/test/image_73598.jpg,0.6926406926406926,0.36796536796536794,0.6796536796536796,0.3593073593073593,1.0,0.6571428571428571,1.0,0.6,0.7941744327545166,0.893456220626831,0.8666095733642578,0.8670635223388672
all_data/dataset/test/image_75079.jpg,0.04081632653061224,0.04081632653061224,0.04081632653061224,0.04081632653061224,0.2,0.2,0.2,0.2,0.7594656944274902,0.9786460399627686,0.7835333347320557,0.8854327201843262
all_data/dataset/test/image_04296.jpg,0.013157894736842105,0.0,0.013157894736842105,0.0,0.09090909090909091,0.0,0.09090909090909091,0.0,0.7985413074493408,0.9372763633728027,0.7843797206878662,0.8310341835021973
all_data/dataset/test/image_92369.jpg,0.0,0.0,0.0,0.0,0.0,0.0,0.0,0.0,0.8488762378692627,0.8623754978179932,0.7720165252685547,0.864964485168457
all_data/dataset/test/image_23998.jpg,0.014492753623188406,0.0,0.014492753623188406,0.0,0.1,0.0,0.1,0.0,0.7742948532104492,1.0267157554626465,0.7969138622283936,0.8884718418121338
all_data/dataset/test/image_51138.jpg,0.020833333333333332,0.036458333333333336,0.026041666666666668,0.036458333333333336,0.10714285714285714,0.17857142857142858,0.14285714285714285,0.17857142857142858,0.8473000526428223,0.8982703685760498,0.8061082363128662,0.9142909049987793
all_data/dataset/test/image_20585.jpg,0.029850746268656716,0.029850746268656716,0.029850746268656716,0.029850746268656716,0.15384615384615385,0.15384615384615385,0.15384615384615385,0.15384615384615385,0.7633073329925537,0.9368045330047607,0.8100082874298096,0.9179489612579346
all_data/dataset/test/image_99788.jpg,0.011627906976744186,0.011627906976744186,0.011627906976744186,0.011627906976744186,0.05714285714285714,0.05714285714285714,0.05714285714285714,0.05714285714285714,0.7797234058380127,0.9696009159088135,0.7904794216156006,0.8593885898590088
all_data/dataset/test/image_48840.jpg,0.0,0.0,0.0,0.0,0.0,0.0,0.0,0.0,0.8078136444091797,0.9283692836761475,0.7480309009552002,0.9059526920318604
all_data/dataset/test/image_22759.jpg,0.812206572769953,0.7464788732394366,0.8075117370892019,0.7511737089201878,0.9714285714285714,1.0,0.9714285714285714,1.0,0.7907145023345947,0.9035909175872803,0.7884273529052734,0.8755567073822021
all_data/dataset/test/image_08176.jpg,0.021052631578947368,0.021052631578947368,0.021052631578947368,0.021052631578947368,0.16666666666666666,0.16666666666666666,0.16666666666666666,0.16666666666666666,0.7758548259735107,0.8972795009613037,0.7609038352966309,0.870032548904419
all_data/dataset/test/image_67408.jpg,0.4308300395256917,0.5138339920948617,0.43478260869565216,0.4901185770750988,0.8857142857142857,0.8285714285714286,0.8857142857142857,0.8285714285714286,0.8386518955230713,0.8858060836791992,0.804323673248291,0.8638730049133301
all_data/dataset/test/image_15081.jpg,0.05,0.17727272727272728,0.05,0.19090909090909092,0.2571428571428571,0.4857142857142857,0.2571428571428571,0.5142857142857142,0.833975076675415,0.928002119064331,0.9101886749267578,0.881800651550293
all_data/dataset/test/image_26106.jpg,0.0425531914893617,0.0425531914893617,0.0425531914893617,0.0425531914893617,0.2222222222222222,0.2222222222222222,0.2222222222222222,0.2222222222222222,0.813744068145752,0.8442442417144775,0.8755021095275879,0.9233925342559814
all_data/dataset/test/image_52288.jpg,0.08333333333333333,0.08333333333333333,0.08333333333333333,0.08333333333333333,0.5,0.5,0.5,0.5,0.7627437114715576,0.8784968852996826,0.8442118167877197,0.908735990524292
all_data/dataset/test/image_87352.jpg,0.7745664739884393,0.5895953757225434,0.7803468208092486,0.7167630057803468,1.0,0.9285714285714286,1.0,0.9642857142857143,0.7674539089202881,0.9389386177062988,0.7955112457275391,0.831395149230957
all_data/dataset/test/image_80709.jpg,0.0,0.0,0.0,0.0,0.0,0.0,0.0,0.0,0.8145101070404053,0.945608377456665,0.846062183380127,0.8412196636199951
all_data/dataset/test/image_29706.jpg,0.08771929824561403,0.13157894736842105,0.08771929824561403,0.12719298245614036,0.5,0.16666666666666666,0.5,0.16666666666666666,0.7902975082397461,0.8977477550506592,0.843433141708374,0.9004709720611572
all_data/dataset/test/image_51812.jpg,0.0,0.0,0.0,0.0,0.0,0.0,0.0,0.0,0.88791823387146,1.0444445610046387,0.8545076847076416,0.9059791564941406
all_data/dataset/test/image_22606.jpg,0.045454545454545456,0.030303030303030304,0.06060606060606061,0.030303030303030304,0.18181818181818182,0.18181818181818182,0.2727272727272727,0.18181818181818182,0.8785288333892822,0.9203250408172607,0.7185533046722412,0.8365647792816162
all_data/dataset/test/image_49573.jpg,0.024390243902439025,0.0,0.024390243902439025,0.0,0.14285714285714285,0.0,0.14285714285714285,0.0,0.8020296096801758,0.9132390022277832,0.8260035514831543,0.8519809246063232
all_data/dataset/test/image_47311.jpg,0.0,0.0,0.0,0.0,0.0,0.0,0.0,0.0,0.8154053688049316,0.9159724712371826,0.8080019950866699,0.87788987159729
all_data/dataset/test/image_35317.jpg,0.0,0.0,0.0,0.0,0.0,0.0,0.0,0.0,0.8194711208343506,0.8786594867706299,0.8484792709350586,0.8690400123596191
all_data/dataset/test/image_26033.jpg,0.009569377990430622,0.04784688995215311,0.009569377990430622,0.04784688995215311,0.08571428571428572,0.05714285714285714,0.05714285714285714,0.05714285714285714,0.7865936756134033,0.9150290489196777,0.7960433959960938,0.8608047962188721
all_data/dataset/test/image_83510.jpg,0.0,0.0,0.0,0.0,0.0,0.0,0.0,0.0,0.8074841499328613,0.960900068283081,0.738572359085083,0.8654029369354248
all_data/dataset/test/image_71284.jpg,0.1214574898785425,0.23481781376518218,0.11740890688259109,0.2145748987854251,0.5142857142857142,0.3142857142857143,0.5142857142857142,0.2857142857142857,0.8404586315155029,0.9238667488098145,0.8034482002258301,0.90547776222229
all_data/dataset/test/image_97662.jpg,0.0,0.0,0.0,0.0,0.0,0.0,0.0,0.0,0.8250572681427002,0.9896869659423828,0.7447667121887207,0.8794832229614258
all_data/dataset/test/image_52244.jpg,0.0,0.0,0.0,0.0,0.0,0.0,0.0,0.0,0.8024368286132812,0.9206051826477051,0.7387301921844482,0.912208080291748
all_data/dataset/test/image_29132.jpg,0.0,0.0,0.0,0.0,0.0,0.0,0.0,0.0,0.8697812557220459,0.8585972785949707,0.7712399959564209,0.9249029159545898
all_data/dataset/test/image_08881.jpg,0.031088082901554404,0.015544041450777202,0.031088082901554404,0.015544041450777202,0.17142857142857143,0.08571428571428572,0.17142857142857143,0.08571428571428572,0.7784802913665771,0.8935353755950928,0.8402895927429199,0.8537783622741699
all_data/dataset/test/image_67312.jpg,0.0,0.02857142857142857,0.0,0.02857142857142857,0.0,0.16666666666666666,0.0,0.16666666666666666,0.823918342590332,0.9885640144348145,0.757225513458252,0.870743989944458
all_data/dataset/test/image_62653.jpg,0.04054054054054054,0.02702702702702703,0.04054054054054054,0.02702702702702703,0.16666666666666666,0.16666666666666666,0.16666666666666666,0.16666666666666666,0.7828693389892578,0.8744902610778809,0.7580740451812744,0.859142541885376
all_data/dataset/test/image_61053.jpg,0.0,0.0,0.0,0.0,0.0,0.0,0.0,0.0,0.8486273288726807,0.926445722579956,0.7125523090362549,0.8714263439178467
all_data/dataset/test/image_25384.jpg,0.0,0.0,0.0,0.0,0.0,0.0,0.0,0.0,0.7959072589874268,0.9165940284729004,0.791193962097168,0.8849225044250488
all_data/dataset/test/image_21348.jpg,0.0,0.0,0.0,0.0,0.0,0.0,0.0,0.0,0.8006536960601807,0.8664867877960205,0.867804765701294,0.8076071739196777
all_data/dataset/test/image_90868.jpg,0.0,0.034482758620689655,0.0,0.034482758620689655,0.0,0.25,0.0,0.25,0.7934117317199707,0.8905341625213623,0.7363071441650391,0.9086430072784424
all_data/dataset/test/image_30065.jpg,0.08494208494208494,0.25868725868725867,0.08108108108108109,0.2702702702702703,0.4,0.45714285714285713,0.37142857142857144,0.4857142857142857,0.7966008186340332,0.8636493682861328,0.7874729633331299,0.8975443840026855
all_data/dataset/test/image_73722.jpg,0.007352941176470588,0.014705882352941176,0.007352941176470588,0.014705882352941176,0.045454545454545456,0.045454545454545456,0.045454545454545456,0.045454545454545456,0.769573450088501,0.9102320671081543,0.8382871150970459,0.8047840595245361
all_data/dataset/test/image_63377.jpg,0.09130434782608696,0.15217391304347827,0.09565217391304348,0.1565217391304348,0.3142857142857143,0.2,0.3142857142857143,0.22857142857142856,0.8862674236297607,0.8852999210357666,0.8394603729248047,0.9064583778381348
all_data/dataset/test/image_01138.jpg,0.6299212598425197,0.5039370078740157,0.6259842519685039,0.5590551181102362,0.9428571428571428,0.8571428571428571,0.9428571428571428,0.8857142857142857,0.8021142482757568,0.8937714099884033,0.8330268859863281,0.8629906177520752
all_data/dataset/test/image_55291.jpg,0.2396694214876033,0.30578512396694213,0.2396694214876033,0.3181818181818182,0.7428571428571429,0.6857142857142857,0.7428571428571429,0.7142857142857143,0.9224603176116943,0.9714605808258057,0.8292477130889893,0.8856799602508545
all_data/dataset/test/image_45060.jpg,0.009345794392523364,0.009345794392523364,0.009345794392523364,0.009345794392523364,0.06666666666666667,0.06666666666666667,0.06666666666666667,0.06666666666666667,0.9118037223815918,0.9133176803588867,0.867438793182373,0.9327104091644287
all_data/dataset/test/image_41627.jpg,0.031746031746031744,0.031746031746031744,0.031746031746031744,0.031746031746031744,0.18181818181818182,0.18181818181818182,0.18181818181818182,0.18181818181818182,0.7152347564697266,0.9320862293243408,0.7807502746582031,0.8606560230255127
all_data/dataset/test/image_39263.jpg,0.0,0.0,0.0,0.0,0.0,0.0,0.0,0.0,0.8162283897399902,0.8709819316864014,0.7552332878112793,0.9368562698364258
all_data/dataset/test/image_96980.jpg,0.09917355371900827,0.049586776859504134,0.09917355371900827,0.04132231404958678,0.47368421052631576,0.2631578947368421,0.47368421052631576,0.2631578947368421,0.7938249111175537,0.8782975673675537,0.8269338607788086,0.8670730590820312
all_data/dataset/test/image_02463.jpg,0.015151515151515152,0.015151515151515152,0.015151515151515152,0.015151515151515152,0.09090909090909091,0.09090909090909091,0.09090909090909091,0.09090909090909091,0.8069291114807129,0.9242286682128906,0.7752046585083008,0.875922441482544
all_data/dataset/test/image_52237.jpg,0.0,0.0,0.0,0.0,0.0,0.0,0.0,0.0,0.8414795398712158,0.8986320495605469,0.7557024955749512,0.9016776084899902
all_data/dataset/test/image_02611.jpg,0.7272727272727273,0.5252525252525253,0.7222222222222222,0.5959595959595959,0.9714285714285714,0.7714285714285715,0.9714285714285714,0.7714285714285715,0.845177412033081,0.905848503112793,0.7841994762420654,0.858670711517334
all_data/dataset/test/image_65183.jpg,0.12154696132596685,0.07734806629834254,0.1270718232044199,0.0718232044198895,0.5555555555555556,0.37037037037037035,0.5555555555555556,0.37037037037037035,0.8317043781280518,0.8723797798156738,0.7621033191680908,0.8412773609161377
all_data/dataset/test/image_42722.jpg,0.7588652482269503,0.6347517730496454,0.74822695035461,0.7056737588652482,1.0,0.8857142857142857,1.0,0.9142857142857143,0.8100461959838867,0.9088799953460693,0.7890887260437012,0.8804845809936523
all_data/dataset/test/image_92773.jpg,0.0,0.0,0.0,0.0,0.0,0.0,0.0,0.0,0.8002102375030518,0.9048004150390625,0.7600054740905762,0.9269828796386719
all_data/dataset/test/image_13807.jpg,0.0,0.0,0.0,0.0,0.0,0.0,0.0,0.0,0.7943615913391113,0.8714959621429443,0.7857246398925781,0.8766422271728516
all_data/dataset/test/image_56644.jpg,0.01818181818181818,0.01818181818181818,0.024242424242424242,0.01818181818181818,0.04,0.04,0.12,0.04,0.8328237533569336,0.9666569232940674,0.7270212173461914,0.9058365821838379
all_data/dataset/test/image_43500.jpg,0.0,0.0,0.0,0.0,0.0,0.0,0.0,0.0,0.7704215049743652,0.9010651111602783,0.803286075592041,0.8614113330841064
all_data/dataset/test/image_16100.jpg,0.037815126050420166,0.17647058823529413,0.037815126050420166,0.17647058823529413,0.14285714285714285,0.2571428571428571,0.17142857142857143,0.2571428571428571,0.8226139545440674,0.91554856300354,0.8469927310943604,0.9337344169616699
all_data/dataset/test/image_06235.jpg,0.0,0.0,0.0,0.0,0.0,0.0,0.0,0.0,0.7845776081085205,0.9383914470672607,0.8611981868743896,0.8286182880401611
all_data/dataset/test/image_61187.jpg,0.29118773946360155,0.26053639846743293,0.30268199233716475,0.26053639846743293,0.9142857142857143,0.37142857142857144,0.9142857142857143,0.37142857142857144,0.7795097827911377,0.8915183544158936,0.8194615840911865,0.902259349822998
all_data/dataset/test/image_86868.jpg,0.0,0.0,0.0,0.0,0.0,0.0,0.0,0.0,0.8065416812896729,0.9242463111877441,0.8134756088256836,0.8300728797912598
all_data/dataset/test/image_55435.jpg,0.0,0.0,0.0,0.0,0.0,0.0,0.0,0.0,0.796032190322876,0.9223735332489014,0.8084638118743896,0.8605270385742188
all_data/dataset/test/image_60440.jpg,0.0,0.0,0.0,0.0,0.0,0.0,0.0,0.0,0.8603081703186035,0.9099345207214355,0.7381768226623535,0.8754065036773682
all_data/dataset/test/image_29131.jpg,0.0,0.0,0.0,0.0,0.0,0.0,0.0,0.0,1.014479398727417,0.8608260154724121,0.7824575901031494,0.9054350852966309
all_data/dataset/test/image_92752.jpg,0.021505376344086023,0.026881720430107527,0.021505376344086023,0.026881720430107527,0.08571428571428572,0.11428571428571428,0.08571428571428572,0.11428571428571428,0.787783145904541,0.8467106819152832,0.7725193500518799,0.8404500484466553
all_data/dataset/test/image_51572.jpg,0.08520179372197309,0.16143497757847533,0.08520179372197309,0.16143497757847533,0.34285714285714286,0.3142857142857143,0.34285714285714286,0.3142857142857143,0.8505380153656006,0.9134383201599121,0.8192470073699951,0.9006450176239014
all_data/dataset/test/image_23837.jpg,0.0,0.0,0.0,0.0,0.0,0.0,0.0,0.0,0.7952580451965332,0.9126729965209961,0.7432694435119629,0.8405447006225586
all_data/dataset/test/image_37338.jpg,0.0,0.0,0.0,0.0,0.0,0.0,0.0,0.0,0.7804739475250244,0.896813154220581,0.8308897018432617,0.8760864734649658
all_data/dataset/test/image_82639.jpg,0.0,0.0,0.0,0.0,0.0,0.0,0.0,0.0,0.8444719314575195,0.8638942241668701,0.8116858005523682,0.8956468105316162
all_data/dataset/test/image_27565.jpg,0.0,0.0,0.0,0.0,0.0,0.0,0.0,0.0,0.7754848003387451,0.9525372982025146,0.8010990619659424,0.9248719215393066
all_data/dataset/test/image_37835.jpg,0.1724137931034483,0.10344827586206896,0.1724137931034483,0.10344827586206896,1.0,0.6666666666666666,1.0,0.6666666666666666,0.8184890747070312,0.8720352649688721,0.799318790435791,0.8755927085876465
all_data/dataset/test/image_67439.jpg,0.0,0.0,0.0,0.0,0.0,0.0,0.0,0.0,0.8307552337646484,0.880603551864624,0.7962310314178467,0.8597631454467773
all_data/dataset/test/image_42232.jpg,0.0,0.0,0.0,0.0,0.0,0.0,0.0,0.0,0.808448076248169,0.8968167304992676,0.7664108276367188,0.919593095779419
all_data/dataset/test/image_14754.jpg,0.05116279069767442,0.07906976744186046,0.046511627906976744,0.08372093023255814,0.2857142857142857,0.11428571428571428,0.22857142857142856,0.14285714285714285,0.7787983417510986,0.8686866760253906,0.7844202518463135,0.8914422988891602
all_data/dataset/test/image_91821.jpg,0.0,0.0,0.0,0.0,0.0,0.0,0.0,0.0,0.8108398914337158,0.889317512512207,0.8085994720458984,0.9854674339294434
all_data/dataset/test/image_66964.jpg,0.03571428571428571,0.03571428571428571,0.03571428571428571,0.03571428571428571,0.2,0.2,0.2,0.2,0.8077297210693359,0.9071798324584961,0.7652828693389893,0.8789710998535156
all_data/dataset/test/image_96045.jpg,0.0,0.0,0.0,0.0,0.0,0.0,0.0,0.0,0.8621861934661865,0.9531683921813965,0.787783145904541,0.8668591976165771
all_data/dataset/test/image_63177.jpg,0.015873015873015872,0.0,0.015873015873015872,0.0,0.1,0.0,0.1,0.0,0.7594795227050781,0.885939359664917,0.7823028564453125,0.9426262378692627
all_data/dataset/test/image_62685.jpg,0.0,0.0,0.0,0.0,0.0,0.0,0.0,0.0,0.7784092426300049,0.9026257991790771,0.8178248405456543,0.8689806461334229
all_data/dataset/test/image_52957.jpg,0.037209302325581395,0.10697674418604651,0.037209302325581395,0.10697674418604651,0.2571428571428571,0.22857142857142856,0.2571428571428571,0.22857142857142856,0.7692101001739502,0.9564476013183594,0.7871723175048828,0.8807554244995117
all_data/dataset/test/image_15931.jpg,0.1346938775510204,0.2816326530612245,0.13877551020408163,0.2653061224489796,0.5454545454545454,0.6666666666666666,0.6060606060606061,0.6666666666666666,0.7906515598297119,0.8753736019134521,0.8657801151275635,0.8421616554260254
all_data/dataset/test/image_24889.jpg,0.008771929824561403,0.13157894736842105,0.008771929824561403,0.13157894736842105,0.05714285714285714,0.2,0.05714285714285714,0.2,0.8445696830749512,0.921360969543457,0.7545413970947266,0.9370341300964355
all_data/dataset/test/image_02975.jpg,0.022222222222222223,0.016666666666666666,0.022222222222222223,0.016666666666666666,0.15384615384615385,0.11538461538461539,0.15384615384615385,0.11538461538461539,0.7654504776000977,0.9210028648376465,0.7833850383758545,0.8705644607543945
all_data/dataset/test/image_93842.jpg,0.5821428571428572,0.5107142857142857,0.575,0.5,1.0,0.8285714285714286,1.0,0.8285714285714286,0.7506566047668457,0.9207620620727539,0.7730264663696289,0.8986611366271973
all_data/dataset/test/image_91563.jpg,0.0,0.0,0.0,0.0,0.0,0.0,0.0,0.0,0.8217995166778564,0.9572417736053467,0.7472479343414307,0.9237678050994873
all_data/dataset/test/image_12699.jpg,0.0,0.0,0.0,0.0,0.0,0.0,0.0,0.0,0.8222119808197021,0.8774380683898926,0.821570873260498,0.8930425643920898
all_data/dataset/test/image_04610.jpg,0.02702702702702703,0.02702702702702703,0.02702702702702703,0.02702702702702703,0.13333333333333333,0.13333333333333333,0.13333333333333333,0.13333333333333333,0.7789642810821533,0.9374821186065674,0.8321483135223389,0.9064836502075195
all_data/dataset/test/image_73852.jpg,0.0,0.0,0.0,0.0,0.0,0.0,0.0,0.0,0.7942612171173096,0.8902304172515869,0.8171041011810303,0.8598582744598389
all_data/dataset/test/image_98001.jpg,0.0,0.0,0.0,0.0,0.0,0.0,0.0,0.0,0.8153209686279297,1.0090816020965576,0.7788658142089844,0.8510148525238037
all_data/dataset/test/image_23348.jpg,0.01834862385321101,0.05504587155963303,0.027522935779816515,0.05504587155963303,0.11764705882352941,0.23529411764705882,0.17647058823529413,0.23529411764705882,0.795635461807251,0.8901710510253906,0.718982458114624,0.9117228984832764
all_data/dataset/test/image_92484.jpg,0.0,0.0,0.0,0.0,0.0,0.0,0.0,0.0,0.8433730602264404,0.8746304512023926,0.7842080593109131,0.8322052955627441
all_data/dataset/test/image_69304.jpg,0.016260162601626018,0.016260162601626018,0.016260162601626018,0.016260162601626018,0.1111111111111111,0.1111111111111111,0.1111111111111111,0.1111111111111111,0.8526546955108643,0.9701824188232422,0.8184196949005127,0.8305919170379639
all_data/dataset/test/image_70184.jpg,0.04950495049504951,0.04455445544554455,0.04950495049504951,0.04455445544554455,0.13333333333333333,0.16666666666666666,0.13333333333333333,0.16666666666666666,0.8188083171844482,0.8792896270751953,0.8559019565582275,0.8569462299346924
all_data/dataset/test/image_34709.jpg,0.0,0.0,0.0,0.0,0.0,0.0,0.0,0.0,0.8263216018676758,0.8917257785797119,0.7457127571105957,0.8492445945739746
all_data/dataset/test/image_59319.jpg,0.014285714285714285,0.04285714285714286,0.014285714285714285,0.04285714285714286,0.09090909090909091,0.18181818181818182,0.09090909090909091,0.18181818181818182,0.7954981327056885,0.8909213542938232,0.8013837337493896,0.8985729217529297
all_data/dataset/test/image_32507.jpg,0.0,0.0,0.0,0.0,0.0,0.0,0.0,0.0,0.7422347068786621,1.0200774669647217,0.8462488651275635,0.8299453258514404
all_data/dataset/test/image_26995.jpg,0.0,0.0,0.0,0.0,0.0,0.0,0.0,0.0,0.7993643283843994,0.9235997200012207,0.8045103549957275,0.910470724105835
all_data/dataset/test/image_45816.jpg,0.01020408163265306,0.01020408163265306,0.01020408163265306,0.01020408163265306,0.07692307692307693,0.07692307692307693,0.07692307692307693,0.07692307692307693,0.7901132106781006,0.863222599029541,0.798750638961792,0.9062340259552002
all_data/dataset/test/image_69430.jpg,0.0,0.0,0.0,0.0,0.0,0.0,0.0,0.0,0.817084789276123,0.8630540370941162,0.7782435417175293,0.8847231864929199
all_data/dataset/test/image_91594.jpg,0.0,0.0,0.0,0.0,0.0,0.0,0.0,0.0,0.7928314208984375,0.8875668048858643,0.7862317562103271,0.9048924446105957
all_data/dataset/test/image_03437.jpg,0.03571428571428571,0.03571428571428571,0.03571428571428571,0.03571428571428571,0.2,0.2,0.2,0.2,0.8553488254547119,0.889570951461792,0.7602958679199219,0.8947188854217529
all_data/dataset/test/image_75192.jpg,0.0070921985815602835,0.0,0.0070921985815602835,0.0,0.05263157894736842,0.0,0.05263157894736842,0.0,0.8085348606109619,0.8404791355133057,0.8062126636505127,0.8759500980377197
all_data/dataset/test/image_57576.jpg,0.009009009009009009,0.11261261261261261,0.009009009009009009,0.11261261261261261,0.05714285714285714,0.14285714285714285,0.05714285714285714,0.14285714285714285,0.8377273082733154,0.8982992172241211,0.8172767162322998,0.8616235256195068
all_data/dataset/test/image_95317.jpg,0.043010752688172046,0.053763440860215055,0.043010752688172046,0.053763440860215055,0.2,0.13333333333333333,0.2,0.13333333333333333,0.7784712314605713,0.8930392265319824,0.8484981060028076,0.8534209728240967
all_data/dataset/test/image_48525.jpg,0.8028846153846154,0.6538461538461539,0.7884615384615384,0.6346153846153846,0.9714285714285714,0.9142857142857143,0.9714285714285714,0.9428571428571428,0.7649381160736084,0.9402506351470947,0.8098852634429932,0.8420424461364746
all_data/dataset/test/image_02187.jpg,0.0,0.0,0.0,0.0,0.0,0.0,0.0,0.0,0.8372130393981934,0.9406559467315674,0.766836404800415,0.8811063766479492
all_data/dataset/test/image_36900.jpg,0.0,0.0,0.0,0.0,0.0,0.0,0.0,0.0,0.8237264156341553,0.8587169647216797,0.7990138530731201,0.8789424896240234
all_data/dataset/test/image_60517.jpg,0.0,0.0,0.0,0.0,0.0,0.0,0.0,0.0,0.7679812908172607,0.873370885848999,0.8288350105285645,0.9361093044281006
all_data/dataset/test/image_06030.jpg,0.02666666666666667,0.05333333333333334,0.02666666666666667,0.04,0.08333333333333333,0.08333333333333333,0.08333333333333333,0.08333333333333333,0.7907359600067139,0.8706812858581543,0.8140580654144287,0.8599450588226318
all_data/dataset/test/image_63908.jpg,0.03571428571428571,0.05357142857142857,0.03571428571428571,0.017857142857142856,0.14285714285714285,0.2857142857142857,0.14285714285714285,0.14285714285714285,0.8265995979309082,0.8846912384033203,0.8192663192749023,0.8097236156463623
all_data/dataset/test/image_10746.jpg,0.10344827586206896,0.13793103448275862,0.10344827586206896,0.13793103448275862,0.5,0.5,0.5,0.5,0.8143646717071533,0.9496777057647705,0.7585318088531494,0.8487660884857178
all_data/dataset/test/image_99605.jpg,0.0,0.0,0.0,0.0,0.0,0.0,0.0,0.0,0.8495194911956787,0.8904917240142822,0.7852649688720703,0.9028136730194092
all_data/dataset/test/image_49405.jpg,0.7088607594936709,0.6835443037974683,0.7088607594936709,0.729957805907173,0.9714285714285714,0.9428571428571428,0.9714285714285714,0.9714285714285714,0.813791036605835,0.8772976398468018,0.804973840713501,0.8635163307189941
all_data/dataset/test/image_95252.jpg,0.5825242718446602,0.39805825242718446,0.5776699029126213,0.42718446601941745,1.0,0.7428571428571429,1.0,0.7428571428571429,0.7789735794067383,0.9005684852600098,0.8122563362121582,0.8787081241607666
all_data/dataset/test/image_15313.jpg,0.008928571428571428,0.008928571428571428,0.008928571428571428,0.008928571428571428,0.14285714285714285,0.07142857142857142,0.14285714285714285,0.07142857142857142,0.8162248134613037,0.8999629020690918,0.793360710144043,0.9528012275695801
all_data/dataset/test/image_54284.jpg,0.01694915254237288,0.0,0.01694915254237288,0.0,0.1,0.0,0.1,0.0,0.8546774387359619,0.9613938331604004,0.8019096851348877,0.968101978302002
all_data/dataset/test/image_92480.jpg,0.047619047619047616,0.047619047619047616,0.047619047619047616,0.047619047619047616,0.25,0.25,0.25,0.25,0.7813608646392822,0.9589507579803467,0.8277649879455566,0.8371365070343018
all_data/dataset/test/image_29164.jpg,0.5836298932384342,0.6405693950177936,0.5907473309608541,0.5729537366548043,1.0,0.9714285714285714,1.0,0.9142857142857143,0.7848377227783203,0.8757050037384033,0.8325061798095703,0.9535338878631592
all_data/dataset/test/image_92072.jpg,0.0051813471502590676,0.0051813471502590676,0.0051813471502590676,0.0051813471502590676,0.03125,0.03125,0.03125,0.03125,0.7730743885040283,0.9007225036621094,0.7956459522247314,0.9462809562683105
all_data/dataset/test/image_44473.jpg,0.0,0.0,0.0,0.0,0.0,0.0,0.0,0.0,0.7237493991851807,0.8614158630371094,0.8143784999847412,0.8778319358825684
all_data/dataset/test/image_24078.jpg,0.02857142857142857,0.02857142857142857,0.02857142857142857,0.02857142857142857,0.2,0.2,0.2,0.2,0.8703575134277344,0.856255054473877,0.7749865055084229,0.8682911396026611
all_data/dataset/test/image_08884.jpg,0.0,0.023255813953488372,0.0,0.023255813953488372,0.0,0.16666666666666666,0.0,0.16666666666666666,0.8873987197875977,0.8939042091369629,0.7919130325317383,0.9141049385070801
all_data/dataset/test/image_79166.jpg,0.016666666666666666,0.016666666666666666,0.016666666666666666,0.016666666666666666,0.10526315789473684,0.10526315789473684,0.10526315789473684,0.10526315789473684,0.7577500343322754,0.8955020904541016,0.845994234085083,0.8270125389099121
all_data/dataset/test/image_49830.jpg,0.04878048780487805,0.04878048780487805,0.04878048780487805,0.04878048780487805,0.14285714285714285,0.14285714285714285,0.14285714285714285,0.14285714285714285,0.8023655414581299,0.8425514698028564,0.7765951156616211,0.8854203224182129
all_data/dataset/test/image_22385.jpg,0.031578947368421054,0.010526315789473684,0.031578947368421054,0.021052631578947368,0.1,0.03333333333333333,0.1,0.06666666666666667,0.8546068668365479,0.8884835243225098,0.7848896980285645,0.8823471069335938
all_data/dataset/test/image_26627.jpg,0.005917159763313609,0.023668639053254437,0.005917159763313609,0.023668639053254437,0.04,0.16,0.04,0.16,0.787606954574585,0.8939952850341797,0.7643616199493408,0.8509237766265869
all_data/dataset/test/image_07134.jpg,0.801980198019802,0.7425742574257426,0.801980198019802,0.6683168316831684,0.9714285714285714,0.9428571428571428,0.9714285714285714,0.9142857142857143,0.7750418186187744,0.9200513362884521,0.7813105583190918,0.9205551147460938
all_data/dataset/test/image_38400.jpg,0.0,0.0,0.0,0.0,0.0,0.0,0.0,0.0,0.8743610382080078,0.8456151485443115,0.775390625,0.8348369598388672
all_data/dataset/test/image_37596.jpg,0.05660377358490566,0.03773584905660377,0.05660377358490566,0.03773584905660377,0.2222222222222222,0.2222222222222222,0.2222222222222222,0.2222222222222222,0.8244287967681885,0.9446213245391846,0.7826225757598877,0.846337080001831
all_data/dataset/test/image_47084.jpg,0.0,0.0,0.0,0.0,0.0,0.0,0.0,0.0,0.8038675785064697,0.8924319744110107,0.7583165168762207,0.8536577224731445
all_data/dataset/test/image_29119.jpg,0.029411764705882353,0.0784313725490196,0.029411764705882353,0.0784313725490196,0.15,0.25,0.15,0.25,0.7675330638885498,0.9483542442321777,0.7976744174957275,0.8656797409057617
all_data/dataset/test/image_51068.jpg,0.0,0.0,0.0,0.0,0.0,0.0,0.0,0.0,0.8162140846252441,0.9606244564056396,0.8393220901489258,0.901897668838501
all_data/dataset/test/image_34998.jpg,0.0,0.0,0.0,0.0,0.0,0.0,0.0,0.0,0.8589155673980713,0.9423484802246094,0.7970354557037354,0.9269342422485352
all_data/dataset/test/image_13212.jpg,0.0,0.0,0.0,0.0,0.0,0.0,0.0,0.0,0.8224813938140869,0.8808712959289551,0.8074095249176025,0.8996508121490479
all_data/dataset/test/image_83493.jpg,0.016304347826086956,0.021739130434782608,0.016304347826086956,0.021739130434782608,0.08823529411764706,0.08823529411764706,0.08823529411764706,0.08823529411764706,0.803800106048584,0.8587453365325928,0.8070738315582275,0.9017860889434814
all_data/dataset/test/image_22652.jpg,0.0,0.0,0.0,0.0,0.0,0.0,0.0,0.0,0.8404326438903809,0.9313104152679443,0.7596485614776611,0.8935039043426514
all_data/dataset/test/image_49246.jpg,0.20930232558139536,0.31627906976744186,0.21395348837209302,0.29767441860465116,0.625,0.5625,0.625,0.59375,0.7581033706665039,0.8636295795440674,0.8217213153839111,0.8138566017150879
all_data/dataset/test/image_13566.jpg,0.3263888888888889,0.4375,0.3333333333333333,0.4201388888888889,0.8571428571428571,0.6285714285714286,0.8571428571428571,0.6285714285714286,1.0641860961914062,0.913724422454834,0.8783624172210693,0.9203054904937744
all_data/dataset/test/image_63439.jpg,0.03125,0.03125,0.03125,0.03125,0.2222222222222222,0.2222222222222222,0.2222222222222222,0.2222222222222222,0.8124470710754395,1.2258291244506836,0.8605153560638428,0.8225185871124268
all_data/dataset/test/image_35281.jpg,0.0,0.0,0.0,0.0,0.0,0.0,0.0,0.0,0.7933833599090576,0.9026515483856201,0.8010947704315186,0.9178366661071777
all_data/dataset/test/image_80277.jpg,0.0,0.0,0.0,0.0,0.0,0.0,0.0,0.0,0.8047840595245361,0.9126472473144531,0.7874917984008789,0.88946533203125
all_data/dataset/test/image_94285.jpg,0.0,0.0,0.0,0.0,0.0,0.0,0.0,0.0,0.8465390205383301,0.9344151020050049,0.7759149074554443,0.8756697177886963
all_data/dataset/test/image_51271.jpg,0.025806451612903226,0.0,0.025806451612903226,0.0,0.09090909090909091,0.0,0.09090909090909091,0.0,0.8037071228027344,0.8925666809082031,0.8065648078918457,0.9443612098693848
all_data/dataset/test/image_03442.jpg,0.0,0.0,0.0,0.0,0.0,0.0,0.0,0.0,0.8104634284973145,0.9100313186645508,0.7956814765930176,1.1119916439056396
all_data/dataset/test/image_26831.jpg,0.0,0.0,0.0,0.0,0.0,0.0,0.0,0.0,0.9029192924499512,0.928560733795166,0.7816205024719238,0.869368314743042
all_data/dataset/test/image_01136.jpg,0.0,0.0,0.0,0.0,0.0,0.0,0.0,0.0,0.7844517230987549,0.8518850803375244,0.8262343406677246,0.96689772605896
all_data/dataset/test/image_46700.jpg,0.0,0.0,0.0,0.0,0.0,0.0,0.0,0.0,0.9277703762054443,0.9384496212005615,0.903475284576416,0.8595373630523682
all_data/dataset/test/image_34629.jpg,0.0,0.0,0.0,0.0,0.0,0.0,0.0,0.0,0.8154792785644531,0.8939783573150635,0.7400591373443604,0.8743011951446533
all_data/dataset/test/image_59745.jpg,0.02247191011235955,0.02247191011235955,0.02247191011235955,0.02247191011235955,0.15384615384615385,0.15384615384615385,0.15384615384615385,0.15384615384615385,0.7859823703765869,0.9129436016082764,0.8284816741943359,0.8642961978912354
all_data/dataset/test/image_80143.jpg,0.04975124378109453,0.01990049751243781,0.05472636815920398,0.024875621890547265,0.25,0.10714285714285714,0.2857142857142857,0.14285714285714285,0.808722972869873,0.9106414318084717,0.8370468616485596,0.8628602027893066
all_data/dataset/test/image_66273.jpg,0.0,0.0,0.0,0.0,0.0,0.0,0.0,0.0,0.7607636451721191,0.8902397155761719,0.8466989994049072,0.9532923698425293
all_data/dataset/test/image_56705.jpg,0.007246376811594203,0.014492753623188406,0.007246376811594203,0.014492753623188406,0.05263157894736842,0.10526315789473684,0.05263157894736842,0.10526315789473684,0.8537499904632568,0.9115476608276367,0.7901389598846436,0.8127946853637695
all_data/dataset/test/image_03111.jpg,0.038461538461538464,0.038461538461538464,0.038461538461538464,0.038461538461538464,0.3333333333333333,0.3333333333333333,0.3333333333333333,0.3333333333333333,1.0795354843139648,0.8286564350128174,0.8254871368408203,0.8644771575927734
all_data/dataset/test/image_48999.jpg,0.0,0.0,0.0,0.0,0.0,0.0,0.0,0.0,0.8286998271942139,0.9617633819580078,0.8083360195159912,0.8134956359863281
all_data/dataset/test/image_15699.jpg,0.0,0.0,0.0,0.0,0.0,0.0,0.0,0.0,0.7887711524963379,0.885655403137207,0.7946524620056152,0.8703165054321289
all_data/dataset/test/image_23401.jpg,0.005,0.07,0.005,0.07,0.02857142857142857,0.08571428571428572,0.02857142857142857,0.08571428571428572,0.8384671211242676,0.8930401802062988,0.8475570678710938,0.8849813938140869
all_data/dataset/test/image_41875.jpg,0.03864734299516908,0.04830917874396135,0.033816425120772944,0.04830917874396135,0.17142857142857143,0.08571428571428572,0.17142857142857143,0.08571428571428572,0.7624490261077881,0.9605979919433594,0.8029897212982178,0.8549132347106934
all_data/dataset/test/image_25840.jpg,0.0,0.0,0.0,0.0,0.0,0.0,0.0,0.0,0.8151662349700928,0.8649733066558838,0.7571766376495361,0.8857250213623047
all_data/dataset/test/image_81009.jpg,0.0,0.0,0.0,0.0,0.0,0.0,0.0,0.0,0.7949144840240479,0.878546953201294,0.8041810989379883,0.890953540802002
all_data/dataset/test/image_91800.jpg,0.005681818181818182,0.005681818181818182,0.005681818181818182,0.005681818181818182,0.03225806451612903,0.03225806451612903,0.03225806451612903,0.03225806451612903,0.7820839881896973,0.9016315937042236,0.797614336013794,0.9097566604614258
all_data/dataset/test/image_42553.jpg,0.0,0.011627906976744186,0.0,0.011627906976744186,0.0,0.07142857142857142,0.0,0.07142857142857142,0.8201866149902344,0.9109117984771729,0.8054156303405762,0.8213956356048584
all_data/dataset/test/image_09007.jpg,0.032432432432432434,0.032432432432432434,0.032432432432432434,0.032432432432432434,0.13793103448275862,0.1724137931034483,0.13793103448275862,0.1724137931034483,0.8367958068847656,0.8506143093109131,0.7986674308776855,0.9012017250061035
all_data/dataset/test/image_25226.jpg,0.014705882352941176,0.03431372549019608,0.014705882352941176,0.03431372549019608,0.08571428571428572,0.05714285714285714,0.08571428571428572,0.05714285714285714,0.7886190414428711,0.8914389610290527,0.8404748439788818,0.7934446334838867
all_data/dataset/test/image_69568.jpg,0.0,0.0,0.0,0.0,0.0,0.0,0.0,0.0,0.8735573291778564,0.9056520462036133,0.8592967987060547,0.8677380084991455
all_data/dataset/test/image_86810.jpg,0.0,0.0,0.0,0.0,0.0,0.0,0.0,0.0,0.821213960647583,0.876929759979248,0.799530029296875,0.8154358863830566
all_data/dataset/test/image_48207.jpg,0.010050251256281407,0.005025125628140704,0.010050251256281407,0.005025125628140704,0.05714285714285714,0.02857142857142857,0.05714285714285714,0.02857142857142857,0.804800271987915,1.1716015338897705,0.7914571762084961,0.8514375686645508
all_data/dataset/test/image_01130.jpg,0.10300429184549356,0.1759656652360515,0.10300429184549356,0.18025751072961374,0.37142857142857144,0.2857142857142857,0.37142857142857144,0.2571428571428571,0.7989003658294678,0.9762444496154785,0.7600080966949463,0.8939528465270996
all_data/dataset/test/image_49994.jpg,0.017241379310344827,0.017241379310344827,0.017241379310344827,0.017241379310344827,0.11764705882352941,0.11764705882352941,0.11764705882352941,0.11764705882352941,0.8171510696411133,0.9050469398498535,0.819103479385376,0.9272174835205078
all_data/dataset/test/image_15559.jpg,0.0,0.0,0.0,0.0,0.0,0.0,0.0,0.0,0.7824184894561768,0.9255204200744629,0.8270440101623535,0.9454572200775146
all_data/dataset/test/image_30081.jpg,0.8571428571428571,0.7619047619047619,0.8571428571428571,0.7714285714285715,1.0,1.0,1.0,1.0,0.8499531745910645,0.9100849628448486,0.7713098526000977,1.0074479579925537
all_data/dataset/test/image_64349.jpg,0.021052631578947368,0.005263157894736842,0.021052631578947368,0.005263157894736842,0.08571428571428572,0.02857142857142857,0.08571428571428572,0.02857142857142857,0.8436331748962402,0.9035220146179199,0.7964096069335938,0.8663232326507568
all_data/dataset/test/image_97923.jpg,0.0196078431372549,0.0392156862745098,0.0196078431372549,0.058823529411764705,0.1111111111111111,0.1111111111111111,0.1111111111111111,0.1111111111111111,0.8226747512817383,0.9776198863983154,0.822479248046875,0.8994948863983154
all_data/dataset/test/image_53393.jpg,0.0,0.0,0.0,0.0,0.0,0.0,0.0,0.0,0.7766573429107666,0.9287645816802979,0.8043949604034424,0.8554484844207764
all_data/dataset/test/image_57645.jpg,0.0,0.0,0.0,0.0,0.0,0.0,0.0,0.0,0.8848628997802734,0.8804869651794434,0.7417187690734863,0.9653189182281494
all_data/dataset/test/image_09362.jpg,0.0136986301369863,0.0958904109589041,0.0136986301369863,0.1004566210045662,0.08571428571428572,0.11428571428571428,0.08571428571428572,0.14285714285714285,0.8407294750213623,0.8864395618438721,0.8498940467834473,0.8831455707550049
all_data/dataset/test/image_06053.jpg,0.0,0.0,0.0,0.0,0.0,0.0,0.0,0.0,0.773474931716919,0.9075472354888916,0.8004274368286133,0.8245222568511963
all_data/dataset/test/image_27730.jpg,0.0,0.0,0.0,0.0,0.0,0.0,0.0,0.0,0.7870340347290039,0.945296049118042,0.8600730895996094,0.8969442844390869
all_data/dataset/test/image_15089.jpg,0.0,0.0,0.0,0.0,0.0,0.0,0.0,0.0,0.7784724235534668,0.9334683418273926,0.7500953674316406,0.8852918148040771
all_data/dataset/test/image_61483.jpg,0.0,0.0,0.0,0.0,0.0,0.0,0.0,0.0,0.8647809028625488,0.8246335983276367,0.7435600757598877,0.9525401592254639
all_data/dataset/test/image_50948.jpg,0.1388888888888889,0.19444444444444445,0.1388888888888889,0.19444444444444445,0.3333333333333333,0.6666666666666666,0.3333333333333333,0.6666666666666666,0.7922587394714355,0.8800437450408936,0.8132028579711914,1.0137412548065186
all_data/dataset/test/image_39254.jpg,0.019867549668874173,0.019867549668874173,0.019867549668874173,0.019867549668874173,0.125,0.125,0.125,0.125,0.7503759860992432,0.8769564628601074,0.7732908725738525,0.8628618717193604
all_data/dataset/test/image_09726.jpg,0.0,0.0,0.0,0.0,0.0,0.0,0.0,0.0,0.7912449836730957,0.9235386848449707,0.7933285236358643,0.8516578674316406
all_data/dataset/test/image_00326.jpg,0.021739130434782608,0.021739130434782608,0.021739130434782608,0.021739130434782608,0.1111111111111111,0.1111111111111111,0.1111111111111111,0.1111111111111111,0.8023202419281006,0.8710098266601562,0.8016936779022217,0.8703014850616455
all_data/dataset/test/image_75865.jpg,0.07446808510638298,0.05319148936170213,0.07446808510638298,0.05319148936170213,0.2,0.13333333333333333,0.2,0.13333333333333333,0.7862553596496582,0.8822619915008545,0.8179574012756348,0.7996678352355957
all_data/dataset/test/image_49074.jpg,0.0,0.006535947712418301,0.0,0.006535947712418301,0.0,0.041666666666666664,0.0,0.041666666666666664,0.8032689094543457,0.9331409931182861,0.7828383445739746,0.8770115375518799
all_data/dataset/test/image_24688.jpg,0.05128205128205128,0.05128205128205128,0.05128205128205128,0.05128205128205128,0.3333333333333333,0.3333333333333333,0.3333333333333333,0.3333333333333333,0.8046410083770752,0.9200954437255859,0.8028216361999512,0.8477051258087158
all_data/dataset/test/image_33940.jpg,0.18410041841004185,0.2175732217573222,0.17573221757322174,0.2175732217573222,0.7142857142857143,0.37142857142857144,0.7142857142857143,0.37142857142857144,0.8171262741088867,0.861851692199707,0.8648719787597656,0.8879413604736328
all_data/dataset/test/image_54768.jpg,0.0,0.0,0.0,0.0,0.0,0.0,0.0,0.0,0.8442533016204834,0.8858094215393066,0.7708098888397217,0.9286465644836426
all_data/dataset/test/image_79229.jpg,0.0,0.0,0.0,0.0,0.0,0.0,0.0,0.0,0.8046815395355225,0.8787837028503418,0.8108212947845459,0.8531327247619629
all_data/dataset/test/image_73829.jpg,0.0,0.0,0.0,0.0,0.0,0.0,0.0,0.0,0.9087936878204346,0.8796119689941406,0.7909605503082275,0.8460302352905273
all_data/dataset/test/image_87963.jpg,0.024390243902439025,0.024390243902439025,0.024390243902439025,0.024390243902439025,0.05,0.05,0.05,0.05,0.7902476787567139,0.9190335273742676,0.8185791969299316,0.8954885005950928
all_data/dataset/test/image_63586.jpg,0.01694915254237288,0.01694915254237288,0.01694915254237288,0.01694915254237288,0.08333333333333333,0.08333333333333333,0.08333333333333333,0.08333333333333333,0.7978301048278809,0.9425106048583984,0.7952046394348145,0.8276910781860352
all_data/dataset/test/image_96274.jpg,0.01282051282051282,0.0,0.01282051282051282,0.0,0.07692307692307693,0.0,0.07692307692307693,0.0,0.7853589057922363,0.8917508125305176,0.8333373069763184,1.1266734600067139
all_data/dataset/test/image_72314.jpg,0.02631578947368421,0.021052631578947368,0.02631578947368421,0.021052631578947368,0.034482758620689655,0.034482758620689655,0.034482758620689655,0.034482758620689655,0.8394525051116943,0.8455498218536377,0.7793135643005371,0.8387415409088135
all_data/dataset/test/image_89922.jpg,0.31906614785992216,0.5136186770428015,0.3229571984435798,0.5369649805447471,0.9714285714285714,0.8571428571428571,0.9714285714285714,0.8857142857142857,0.8111937046051025,0.8906283378601074,0.8115880489349365,0.9002535343170166
all_data/dataset/test/image_69629.jpg,0.0,0.0,0.0,0.0,0.0,0.0,0.0,0.0,0.9294579029083252,0.8926429748535156,0.7848834991455078,0.9040191173553467
all_data/dataset/test/image_93788.jpg,0.0,0.0,0.0,0.0,0.0,0.0,0.0,0.0,0.8324732780456543,0.902803897857666,0.7832067012786865,0.9104371070861816
all_data/dataset/test/image_42229.jpg,0.0,0.0,0.0,0.0,0.0,0.0,0.0,0.0,0.835519552230835,1.0267024040222168,0.8257722854614258,0.9253196716308594
all_data/dataset/test/image_10346.jpg,0.0,0.0,0.0,0.0,0.0,0.0,0.0,0.0,0.8501911163330078,0.9039568901062012,0.8584120273590088,0.8265814781188965
all_data/dataset/test/image_22472.jpg,0.0,0.0,0.0,0.0,0.0,0.0,0.0,0.0,0.7729661464691162,1.0018391609191895,0.7939548492431641,0.8715975284576416
all_data/dataset/test/image_85019.jpg,0.015873015873015872,0.0,0.015873015873015872,0.0,0.125,0.0,0.125,0.0,0.776684045791626,0.845937967300415,0.7759830951690674,0.9709992408752441
all_data/dataset/test/image_50858.jpg,0.0,0.0,0.0,0.0,0.0,0.0,0.0,0.0,0.777578592300415,0.9543797969818115,0.8551509380340576,0.9669678211212158
all_data/dataset/test/image_17871.jpg,0.0,0.0,0.0,0.0,0.0,0.0,0.0,0.0,0.795506477355957,0.877640962600708,0.7532038688659668,0.8527350425720215
all_data/dataset/test/image_78207.jpg,0.04291845493562232,0.15879828326180256,0.04291845493562232,0.1630901287553648,0.2,0.2,0.2,0.22857142857142856,0.7769334316253662,0.9684274196624756,0.7936840057373047,0.8822555541992188
all_data/dataset/test/image_88857.jpg,0.05454545454545454,0.03636363636363636,0.05454545454545454,0.03636363636363636,0.1,0.1,0.1,0.1,0.7502026557922363,0.8965616226196289,0.8757200241088867,0.8452341556549072
all_data/dataset/test/image_64004.jpg,0.019230769230769232,0.019230769230769232,0.019230769230769232,0.019230769230769232,0.1,0.1,0.1,0.1,0.7796123027801514,0.9237244129180908,0.7520606517791748,0.952765941619873
all_data/dataset/test/image_83466.jpg,0.0136986301369863,0.0,0.0136986301369863,0.0,0.043478260869565216,0.0,0.043478260869565216,0.0,0.802234411239624,0.9189231395721436,0.7360525131225586,0.8248488903045654
all_data/dataset/test/image_07110.jpg,0.0,0.0,0.0,0.0,0.0,0.0,0.0,0.0,0.8348312377929688,0.8784897327423096,0.7944738864898682,0.8505363464355469
all_data/dataset/test/image_31910.jpg,0.0,0.058823529411764705,0.0,0.058823529411764705,0.0,0.16666666666666666,0.0,0.16666666666666666,0.8089399337768555,0.9155306816101074,0.839691162109375,0.8672876358032227
all_data/dataset/test/image_38273.jpg,0.041666666666666664,0.041666666666666664,0.041666666666666664,0.041666666666666664,0.25,0.25,0.25,0.25,0.7786266803741455,0.8456993103027344,0.7663147449493408,0.9777636528015137
all_data/dataset/test/image_18879.jpg,0.013513513513513514,0.013513513513513514,0.02027027027027027,0.02702702702702703,0.09090909090909091,0.09090909090909091,0.13636363636363635,0.13636363636363635,0.9171404838562012,1.0131218433380127,0.8963830471038818,0.8605492115020752
all_data/dataset/test/image_03567.jpg,0.02127659574468085,0.0425531914893617,0.0425531914893617,0.0425531914893617,0.125,0.125,0.25,0.125,0.8201310634613037,0.937114953994751,0.7942216396331787,0.8447728157043457
all_data/dataset/test/image_75010.jpg,0.078125,0.03125,0.078125,0.03125,0.36363636363636365,0.09090909090909091,0.36363636363636365,0.09090909090909091,0.8056468963623047,0.9233863353729248,0.8617825508117676,0.9056282043457031
all_data/dataset/test/image_04538.jpg,0.0,0.025,0.0,0.025,0.0,0.125,0.0,0.125,0.8831493854522705,0.8326945304870605,0.8038980960845947,0.8540618419647217
all_data/dataset/test/image_25195.jpg,0.0,0.0,0.0,0.0,0.0,0.0,0.0,0.0,0.8679218292236328,0.9924728870391846,0.8115253448486328,0.8804185390472412
all_data/dataset/test/image_25872.jpg,0.0,0.0,0.0,0.0,0.0,0.0,0.0,0.0,0.8200194835662842,0.9804646968841553,0.7827048301696777,0.9232509136199951
all_data/dataset/test/image_69352.jpg,0.0,0.0,0.0,0.0,0.0,0.0,0.0,0.0,0.7839009761810303,0.941608190536499,0.8777110576629639,1.006190299987793
all_data/dataset/test/image_30860.jpg,0.0,0.02702702702702703,0.0,0.02702702702702703,0.0,0.14285714285714285,0.0,0.14285714285714285,0.8171465396881104,0.8805077075958252,0.8005361557006836,0.9150166511535645
all_data/dataset/test/image_59229.jpg,0.0,0.0,0.0,0.0,0.0,0.0,0.0,0.0,0.8748869895935059,1.0594117641448975,0.9208900928497314,0.9482872486114502
all_data/dataset/test/image_86882.jpg,0.027777777777777776,0.027777777777777776,0.027777777777777776,0.027777777777777776,0.15384615384615385,0.15384615384615385,0.15384615384615385,0.15384615384615385,0.8796477317810059,1.0783193111419678,0.7799227237701416,0.9860002994537354
all_data/dataset/test/image_28372.jpg,0.0182648401826484,0.0958904109589041,0.0182648401826484,0.0958904109589041,0.08571428571428572,0.2,0.08571428571428572,0.2,0.9930875301361084,0.8212432861328125,0.8058545589447021,0.9333009719848633
all_data/dataset/test/image_88921.jpg,0.0,0.0,0.0,0.0,0.0,0.0,0.0,0.0,1.0264627933502197,0.9402024745941162,0.8266637325286865,0.9066421985626221
all_data/dataset/test/image_12209.jpg,0.0,0.0,0.0,0.0,0.0,0.0,0.0,0.0,0.8422770500183105,0.963165283203125,0.7527570724487305,0.8695254325866699
all_data/dataset/test/image_28455.jpg,0.1277533039647577,0.1894273127753304,0.12334801762114538,0.19383259911894274,0.45714285714285713,0.4857142857142857,0.45714285714285713,0.45714285714285713,0.7957518100738525,0.9304788112640381,0.7507750988006592,0.8941941261291504
all_data/dataset/test/image_76160.jpg,0.016216216216216217,0.016216216216216217,0.016216216216216217,0.016216216216216217,0.05714285714285714,0.08571428571428572,0.05714285714285714,0.08571428571428572,0.8134760856628418,0.9370379447937012,0.8019702434539795,0.8812828063964844
all_data/dataset/test/image_64029.jpg,0.030303030303030304,0.030303030303030304,0.030303030303030304,0.030303030303030304,0.2222222222222222,0.2222222222222222,0.2222222222222222,0.2222222222222222,0.7694978713989258,0.9534785747528076,0.7706146240234375,0.8725409507751465
all_data/dataset/test/image_33696.jpg,0.0871559633027523,0.16055045871559634,0.09174311926605505,0.1743119266055046,0.4,0.2857142857142857,0.42857142857142855,0.3142857142857143,0.890571117401123,1.0075747966766357,0.8853318691253662,1.1235432624816895
all_data/dataset/test/image_29474.jpg,0.012195121951219513,0.0,0.012195121951219513,0.018292682926829267,0.038461538461538464,0.0,0.038461538461538464,0.038461538461538464,0.8881785869598389,0.9465417861938477,0.8824586868286133,1.0247080326080322
all_data/dataset/test/image_36860.jpg,0.03278688524590164,0.03278688524590164,0.03278688524590164,0.03278688524590164,0.2222222222222222,0.2222222222222222,0.2222222222222222,0.2222222222222222,0.9329333305358887,1.0984725952148438,0.972482442855835,1.260331392288208
all_data/dataset/test/image_02747.jpg,0.013888888888888888,0.0,0.013888888888888888,0.0,0.09523809523809523,0.0,0.09523809523809523,0.0,0.9155490398406982,1.0247080326080322,0.8264338970184326,1.0926425457000732
all_data/dataset/test/image_37317.jpg,0.03333333333333333,0.03333333333333333,0.03333333333333333,0.03333333333333333,0.2,0.2,0.2,0.2,1.1508822441101074,0.8769955635070801,0.7876739501953125,1.0405371189117432
all_data/dataset/test/image_35231.jpg,0.0,0.0,0.0,0.0,0.0,0.0,0.0,0.0,0.8008162975311279,0.8865935802459717,0.7727124691009521,0.9111471176147461
all_data/dataset/test/image_99576.jpg,0.0,0.0,0.0,0.0,0.0,0.0,0.0,0.0,0.8770968914031982,1.0500571727752686,0.8136258125305176,0.956362247467041
all_data/dataset/test/image_79334.jpg,0.039473684210526314,0.16666666666666666,0.039473684210526314,0.13596491228070176,0.14285714285714285,0.3142857142857143,0.14285714285714285,0.2,0.8603620529174805,0.8849749565124512,0.7595365047454834,0.921323299407959
all_data/dataset/test/image_76708.jpg,0.7759336099585062,0.7551867219917012,0.7717842323651453,0.7593360995850622,1.0,0.9714285714285714,1.0,1.0,0.8627448081970215,0.9360518455505371,0.7158164978027344,0.9383530616760254
all_data/dataset/test/image_91837.jpg,0.0,0.0,0.0,0.0,0.0,0.0,0.0,0.0,0.7866256237030029,1.0305728912353516,0.7547829151153564,0.8840897083282471
all_data/dataset/test/image_93018.jpg,0.06060606060606061,0.06060606060606061,0.06060606060606061,0.06060606060606061,0.3333333333333333,0.3333333333333333,0.3333333333333333,0.3333333333333333,0.8207836151123047,0.9987401962280273,0.7660214900970459,0.819720983505249
all_data/dataset/test/image_51233.jpg,0.0,0.0,0.0,0.0,0.0,0.0,0.0,0.0,0.821969747543335,0.9843566417694092,0.839550256729126,0.9013974666595459
all_data/dataset/test/image_60789.jpg,0.02247191011235955,0.02247191011235955,0.02247191011235955,0.02247191011235955,0.11764705882352941,0.11764705882352941,0.11764705882352941,0.11764705882352941,0.8388044834136963,0.9186646938323975,0.7938909530639648,0.8751046657562256
all_data/dataset/test/image_16787.jpg,0.02247191011235955,0.02247191011235955,0.02247191011235955,0.016853932584269662,0.12121212121212122,0.12121212121212122,0.12121212121212122,0.09090909090909091,0.8063507080078125,1.0326428413391113,0.8314816951751709,0.8394937515258789
all_data/dataset/test/image_58083.jpg,0.22818791946308725,0.10738255033557047,0.21476510067114093,0.10067114093959731,0.5384615384615384,0.23076923076923078,0.5384615384615384,0.23076923076923078,0.7666926383972168,0.8974153995513916,0.8728444576263428,0.9411168098449707
all_data/dataset/test/image_97061.jpg,0.0,0.0,0.0,0.0,0.0,0.0,0.0,0.0,0.7686343193054199,0.9474227428436279,0.7713837623596191,0.8475730419158936
all_data/dataset/test/image_99325.jpg,0.10194174757281553,0.10194174757281553,0.0970873786407767,0.10679611650485436,0.4375,0.15625,0.40625,0.1875,0.808068037033081,0.9523437023162842,0.8401463031768799,0.8258647918701172
all_data/dataset/test/image_21312.jpg,0.0,0.0,0.0,0.0,0.0,0.0,0.0,0.0,0.8094370365142822,0.8875489234924316,0.8063251972198486,0.8315737247467041
all_data/dataset/test/image_25821.jpg,0.0,0.0,0.0,0.0,0.0,0.0,0.0,0.0,0.7857041358947754,0.9896378517150879,0.7699840068817139,0.8792080879211426
all_data/dataset/test/image_52424.jpg,0.019417475728155338,0.009708737864077669,0.019417475728155338,0.009708737864077669,0.13333333333333333,0.06666666666666667,0.13333333333333333,0.06666666666666667,0.8051097393035889,0.9249482154846191,0.7764253616333008,0.8224682807922363
all_data/dataset/test/image_18442.jpg,0.020202020202020204,0.0,0.020202020202020204,0.0,0.0625,0.0,0.0625,0.0,0.8300542831420898,0.8772485256195068,0.7633416652679443,0.8885798454284668
all_data/dataset/test/image_24573.jpg,0.0,0.0,0.0,0.0,0.0,0.0,0.0,0.0,0.8047990798950195,0.975470781326294,0.7814538478851318,0.8525021076202393
all_data/dataset/test/image_18756.jpg,0.022727272727272728,0.022727272727272728,0.022727272727272728,0.022727272727272728,0.15384615384615385,0.15384615384615385,0.15384615384615385,0.15384615384615385,0.793710470199585,0.9197378158569336,0.789722204208374,0.9082751274108887
all_data/dataset/test/image_10800.jpg,0.5965909090909091,0.2727272727272727,0.5965909090909091,0.25,1.0,0.6666666666666666,1.0,0.6666666666666666,0.8296067714691162,0.8515853881835938,0.7973573207855225,0.8916294574737549
all_data/dataset/test/image_75020.jpg,0.0,0.0,0.0,0.0,0.0,0.0,0.0,0.0,0.8298707008361816,0.8714361190795898,0.773339033126831,0.8603196144104004
all_data/dataset/test/image_87985.jpg,0.06896551724137931,0.06896551724137931,0.06896551724137931,0.06896551724137931,0.4,0.4,0.4,0.4,0.8638005256652832,0.9768409729003906,0.773961067199707,0.8929884433746338
all_data/dataset/test/image_75590.jpg,0.0,0.0,0.0,0.0,0.0,0.0,0.0,0.0,0.7997226715087891,0.9066123962402344,0.7426571846008301,0.9132802486419678
all_data/dataset/test/image_88437.jpg,0.0,0.0,0.0,0.0,0.0,0.0,0.0,0.0,0.7861080169677734,0.904355525970459,0.7938385009765625,0.9161510467529297
all_data/dataset/test/image_08307.jpg,0.05263157894736842,0.10526315789473684,0.05263157894736842,0.10526315789473684,0.25,0.375,0.25,0.375,0.7905166149139404,0.8974683284759521,0.7890951633453369,0.83988356590271
all_data/dataset/test/image_77806.jpg,0.06132075471698113,0.09433962264150944,0.06132075471698113,0.08962264150943396,0.34285714285714286,0.2,0.34285714285714286,0.2,0.8010995388031006,0.8711926937103271,0.8138439655303955,0.9624509811401367
all_data/dataset/test/image_37989.jpg,0.06896551724137931,0.06896551724137931,0.06896551724137931,0.06896551724137931,0.2857142857142857,0.2857142857142857,0.2857142857142857,0.2857142857142857,0.8221094608306885,0.9010052680969238,0.8088076114654541,0.8461861610412598
all_data/dataset/test/image_29794.jpg,0.4662576687116564,0.2085889570552147,0.4662576687116564,0.22085889570552147,0.9090909090909091,0.5,0.9090909090909091,0.45454545454545453,0.7555835247039795,0.8996648788452148,0.7762069702148438,0.8387231826782227
all_data/dataset/test/image_76377.jpg,0.0,0.0,0.0,0.0,0.0,0.0,0.0,0.0,0.8082008361816406,0.9457859992980957,0.8525288105010986,0.9234786033630371
all_data/dataset/test/image_84967.jpg,0.006024096385542169,0.006024096385542169,0.006024096385542169,0.0,0.037037037037037035,0.037037037037037035,0.037037037037037035,0.0,0.7370643615722656,0.8941848278045654,0.7393107414245605,0.8546714782714844
all_data/dataset/test/image_63256.jpg,0.0,0.0,0.0,0.0,0.0,0.0,0.0,0.0,0.8745193481445312,0.8937785625457764,0.7828640937805176,0.8745443820953369
all_data/dataset/test/image_48895.jpg,0.5092936802973977,0.3754646840148699,0.5055762081784386,0.4349442379182156,1.0,0.6571428571428571,1.0,0.6571428571428571,0.808753490447998,0.8949079513549805,0.7790608406066895,0.8929965496063232
all_data/dataset/test/image_14192.jpg,0.0,0.0,0.0,0.0,0.0,0.0,0.0,0.0,0.7901818752288818,0.939415454864502,0.8304624557495117,0.8547296524047852
all_data/dataset/test/image_15453.jpg,0.3176470588235294,0.15294117647058825,0.3411764705882353,0.17647058823529413,0.7333333333333333,0.6666666666666666,0.7333333333333333,0.6666666666666666,0.8165793418884277,0.8612687587738037,0.7932472229003906,0.8516943454742432
all_data/dataset/test/image_00451.jpg,0.0,0.0,0.0,0.0,0.0,0.0,0.0,0.0,0.8242964744567871,0.9369227886199951,0.7775683403015137,0.8793754577636719
all_data/dataset/test/image_51164.jpg,0.0,0.0,0.0,0.0,0.0,0.0,0.0,0.0,0.7724549770355225,0.8761870861053467,0.8065812587738037,0.8790781497955322
all_data/dataset/test/image_22412.jpg,0.020202020202020204,0.050505050505050504,0.025252525252525252,0.06060606060606061,0.08571428571428572,0.14285714285714285,0.11428571428571428,0.17142857142857143,0.7920920848846436,0.9113008975982666,0.7866604328155518,0.8911283016204834
all_data/dataset/test/image_27861.jpg,0.019801980198019802,0.039603960396039604,0.01485148514851485,0.039603960396039604,0.11428571428571428,0.11428571428571428,0.08571428571428572,0.11428571428571428,0.8056347370147705,0.9185261726379395,0.805361270904541,0.9024784564971924
all_data/dataset/test/image_62578.jpg,0.0,0.0,0.0,0.0,0.0,0.0,0.0,0.0,0.817194938659668,0.8379380702972412,0.7664155960083008,0.9104964733123779
all_data/dataset/test/image_95656.jpg,0.020833333333333332,0.0,0.020833333333333332,0.0,0.125,0.0,0.125,0.0,0.8209218978881836,0.8942098617553711,0.7513258457183838,0.9038143157958984
all_data/dataset/test/image_87416.jpg,0.013888888888888888,0.08796296296296297,0.013888888888888888,0.08796296296296297,0.08571428571428572,0.14285714285714285,0.08571428571428572,0.14285714285714285,0.7824301719665527,0.8739259243011475,0.7847802639007568,0.8887238502502441
all_data/dataset/test/image_24331.jpg,0.021739130434782608,0.11956521739130435,0.021739130434782608,0.11956521739130435,0.2,0.2,0.2,0.2,0.8879134654998779,0.8546392917633057,0.7583155632019043,0.8905255794525146
all_data/dataset/test/image_22861.jpg,0.0,0.03389830508474576,0.0,0.03389830508474576,0.0,0.125,0.0,0.125,0.8624114990234375,0.916865348815918,0.8105149269104004,0.9350943565368652
all_data/dataset/test/image_22360.jpg,0.6621004566210046,0.4018264840182648,0.6529680365296804,0.4657534246575342,1.0,0.8529411764705882,1.0,0.8823529411764706,0.7280631065368652,0.9186723232269287,0.8547029495239258,0.8741705417633057
all_data/dataset/test/image_51847.jpg,0.14285714285714285,0.14285714285714285,0.14285714285714285,0.14285714285714285,1.0,1.0,1.0,1.0,0.8104836940765381,0.8445906639099121,0.7626066207885742,0.8653600215911865
all_data/dataset/test/image_99256.jpg,0.09130434782608696,0.1826086956521739,0.09130434782608696,0.1826086956521739,0.4,0.3333333333333333,0.4,0.3333333333333333,0.8257191181182861,0.9465785026550293,0.8319292068481445,0.8250312805175781
all_data/dataset/test/image_21579.jpg,0.0392156862745098,0.0392156862745098,0.0392156862745098,0.0392156862745098,0.1111111111111111,0.1111111111111111,0.1111111111111111,0.1111111111111111,0.8463852405548096,0.8725988864898682,0.823765754699707,0.9232373237609863
all_data/dataset/test/image_89940.jpg,0.17938931297709923,0.3893129770992366,0.183206106870229,0.3969465648854962,0.6285714285714286,0.6571428571428571,0.6571428571428571,0.6571428571428571,0.754605770111084,0.8517045974731445,0.8054838180541992,0.8614144325256348
all_data/dataset/test/image_81235.jpg,0.07272727272727272,0.01818181818181818,0.07272727272727272,0.01818181818181818,0.3333333333333333,0.16666666666666666,0.3333333333333333,0.16666666666666666,0.822887659072876,0.94309401512146,0.764801025390625,0.9022974967956543
all_data/dataset/test/image_58221.jpg,0.18143459915611815,0.2109704641350211,0.18565400843881857,0.2109704641350211,0.7142857142857143,0.42857142857142855,0.7142857142857143,0.4,0.9936809539794922,0.8883965015411377,0.7519605159759521,0.8526830673217773
all_data/dataset/test/image_91368.jpg,0.0,0.0,0.0,0.0,0.0,0.0,0.0,0.0,0.7983558177947998,0.8935770988464355,0.8510196208953857,0.8669848442077637
all_data/dataset/test/image_18822.jpg,0.017964071856287425,0.017964071856287425,0.017964071856287425,0.011976047904191617,0.12,0.12,0.12,0.08,0.8049767017364502,0.9346089363098145,0.8273158073425293,0.8854339122772217
all_data/dataset/test/image_16447.jpg,0.0,0.2222222222222222,0.0,0.2222222222222222,0.0,0.6,0.0,0.6,0.8435938358306885,0.8895969390869141,0.781909704208374,0.8580093383789062
all_data/dataset/test/image_64854.jpg,0.13333333333333333,0.13333333333333333,0.13333333333333333,0.1111111111111111,0.5,0.5,0.5,0.3333333333333333,0.791196346282959,0.9713165760040283,0.7767047882080078,0.8980424404144287
all_data/dataset/test/image_14479.jpg,0.038461538461538464,0.038461538461538464,0.038461538461538464,0.038461538461538464,0.25,0.25,0.25,0.25,0.7655172348022461,0.927638053894043,0.7822151184082031,0.9984941482543945
all_data/dataset/test/image_68168.jpg,0.018604651162790697,0.07441860465116279,0.018604651162790697,0.07441860465116279,0.05714285714285714,0.08571428571428572,0.05714285714285714,0.08571428571428572,0.7789394855499268,0.9226725101470947,0.8556814193725586,0.9090423583984375
all_data/dataset/test/image_46583.jpg,0.0,0.0,0.0,0.0,0.0,0.0,0.0,0.0,0.8152434825897217,0.9636192321777344,0.8056643009185791,0.8625884056091309
all_data/dataset/test/image_03277.jpg,0.0,0.0,0.0,0.0,0.0,0.0,0.0,0.0,0.8584129810333252,0.934196949005127,0.7793872356414795,0.9338858127593994
all_data/dataset/test/image_22897.jpg,0.13333333333333333,0.07777777777777778,0.13333333333333333,0.08888888888888889,0.5,0.35714285714285715,0.5,0.42857142857142855,0.8509242534637451,1.0679240226745605,0.8429422378540039,1.0446527004241943
all_data/dataset/test/image_21333.jpg,0.0,0.0,0.0,0.0,0.0,0.0,0.0,0.0,0.836846113204956,1.1028869152069092,0.8143045902252197,0.9161148071289062
all_data/dataset/test/image_57375.jpg,0.0,0.0,0.0,0.0,0.0,0.0,0.0,0.0,0.92354416847229,1.0173559188842773,0.8892862796783447,0.8716332912445068
all_data/dataset/test/image_58403.jpg,0.016129032258064516,0.016129032258064516,0.016129032258064516,0.016129032258064516,0.08333333333333333,0.08333333333333333,0.08333333333333333,0.08333333333333333,0.8078360557556152,0.884608268737793,0.8121662139892578,0.8586478233337402
all_data/dataset/test/image_79400.jpg,0.047619047619047616,0.031746031746031744,0.047619047619047616,0.031746031746031744,0.18181818181818182,0.18181818181818182,0.18181818181818182,0.18181818181818182,0.8747868537902832,0.8867514133453369,0.7651023864746094,0.9557600021362305
all_data/dataset/test/image_34606.jpg,0.16,0.16,0.16,0.16,0.3333333333333333,0.3333333333333333,0.3333333333333333,0.3333333333333333,0.7323465347290039,0.9399783611297607,0.77988600730896,0.8680424690246582
all_data/dataset/test/image_91486.jpg,0.6604651162790698,0.34418604651162793,0.6651162790697674,0.35348837209302325,1.0,0.7714285714285715,1.0,0.7714285714285715,0.8056032657623291,0.8866369724273682,0.7757132053375244,0.892113447189331
all_data/dataset/test/image_22742.jpg,0.0,0.0,0.0,0.0,0.0,0.0,0.0,0.0,0.786771297454834,0.9175064563751221,0.7862656116485596,0.8326594829559326
all_data/dataset/test/image_07800.jpg,0.0,0.0,0.0,0.0,0.0,0.0,0.0,0.0,0.81722092628479,0.8732357025146484,0.7756247520446777,0.8723948001861572
all_data/dataset/test/image_08541.jpg,0.0,0.0,0.0,0.0,0.0,0.0,0.0,0.0,0.8604624271392822,0.8646581172943115,0.7790050506591797,0.8959753513336182
all_data/dataset/test/image_58727.jpg,0.030927835051546393,0.0,0.030927835051546393,0.0,0.06666666666666667,0.0,0.06666666666666667,0.0,0.792917013168335,0.939528226852417,0.8425402641296387,0.8134641647338867
all_data/dataset/test/image_72354.jpg,0.014563106796116505,0.05825242718446602,0.014563106796116505,0.06310679611650485,0.09090909090909091,0.15151515151515152,0.09090909090909091,0.15151515151515152,0.8016197681427002,0.9254782199859619,0.7788729667663574,0.8429515361785889
all_data/dataset/test/image_06350.jpg,0.0,0.0,0.0,0.0,0.0,0.0,0.0,0.0,0.8117268085479736,0.9405474662780762,0.7311620712280273,0.9202179908752441
all_data/dataset/test/image_29937.jpg,0.05454545454545454,0.1409090909090909,0.05454545454545454,0.1409090909090909,0.2571428571428571,0.22857142857142856,0.2571428571428571,0.22857142857142856,0.756077766418457,0.9042952060699463,0.8015820980072021,0.8152332305908203
all_data/dataset/test/image_70477.jpg,0.0,0.0,0.0,0.0,0.0,0.0,0.0,0.0,0.779916524887085,0.9333136081695557,0.8039751052856445,0.9261147975921631
all_data/dataset/test/image_28752.jpg,0.0,0.0,0.0,0.0,0.0,0.0,0.0,0.0,0.8027958869934082,0.9184286594390869,0.8007307052612305,0.8742225170135498
all_data/dataset/test/image_75312.jpg,0.08695652173913043,0.13043478260869565,0.08695652173913043,0.13043478260869565,1.0,1.0,1.0,1.0,0.7487859725952148,0.9136314392089844,0.870368242263794,0.8555412292480469
all_data/dataset/test/image_52935.jpg,0.06637168141592921,0.17699115044247787,0.06637168141592921,0.17699115044247787,0.34285714285714286,0.34285714285714286,0.34285714285714286,0.34285714285714286,0.8376903533935547,1.0278453826904297,0.8853669166564941,0.8614625930786133
all_data/dataset/test/image_97546.jpg,0.1452513966480447,0.05027932960893855,0.13966480446927373,0.05027932960893855,0.48148148148148145,0.18518518518518517,0.4444444444444444,0.18518518518518517,0.8302569389343262,0.898425817489624,0.8764686584472656,0.8744070529937744
all_data/dataset/test/image_74942.jpg,0.044444444444444446,0.044444444444444446,0.044444444444444446,0.044444444444444446,0.4,0.4,0.4,0.4,0.880126953125,0.8528437614440918,0.7996554374694824,0.9024577140808105
all_data/dataset/test/image_45264.jpg,0.168,0.272,0.172,0.284,0.7096774193548387,0.45161290322580644,0.7096774193548387,0.5161290322580645,0.7648575305938721,0.9587571620941162,0.8457050323486328,0.8744339942932129
all_data/dataset/test/image_13542.jpg,0.01932367149758454,0.0821256038647343,0.01932367149758454,0.0966183574879227,0.11428571428571428,0.14285714285714285,0.11428571428571428,0.2,0.7534799575805664,0.9606368541717529,0.7870049476623535,1.0026235580444336
all_data/dataset/test/image_69865.jpg,0.0,0.0,0.0,0.0,0.0,0.0,0.0,0.0,0.7725381851196289,0.845574140548706,0.7908763885498047,0.9069247245788574
all_data/dataset/test/image_71954.jpg,0.004545454545454545,0.11818181818181818,0.004545454545454545,0.11818181818181818,0.05714285714285714,0.2,0.05714285714285714,0.2,0.8255362510681152,0.9029285907745361,0.7977619171142578,0.8100566864013672
all_data/dataset/test/image_19193.jpg,0.17708333333333334,0.052083333333333336,0.17708333333333334,0.041666666666666664,0.6923076923076923,0.23076923076923078,0.6923076923076923,0.15384615384615385,0.8192472457885742,0.9597773551940918,0.8133783340454102,0.8188977241516113
all_data/dataset/test/image_48218.jpg,0.006172839506172839,0.0,0.006172839506172839,0.0,0.047619047619047616,0.0,0.047619047619047616,0.0,0.802220344543457,0.8659152984619141,0.7808675765991211,0.8431077003479004
all_data/dataset/test/image_71522.jpg,0.0,0.0,0.0,0.0,0.0,0.0,0.0,0.0,0.8583822250366211,0.9266512393951416,0.8286712169647217,0.877547025680542
all_data/dataset/test/image_02212.jpg,0.7955555555555556,0.6933333333333334,0.8,0.7022222222222222,1.0,1.0,1.0,0.8857142857142857,0.7774612903594971,0.941753625869751,0.7433090209960938,0.9143941402435303
all_data/dataset/test/image_75505.jpg,0.06060606060606061,0.06060606060606061,0.06060606060606061,0.06060606060606061,0.25,0.25,0.25,0.25,0.7820308208465576,0.9701106548309326,0.7988395690917969,0.8312320709228516
all_data/dataset/test/image_08928.jpg,0.7142857142857143,0.49642857142857144,0.7071428571428572,0.5571428571428572,0.9714285714285714,0.8285714285714286,0.9714285714285714,0.8571428571428571,0.8116793632507324,0.9132111072540283,0.8276927471160889,0.9073519706726074
all_data/dataset/test/image_58485.jpg,0.0,0.0,0.0,0.0,0.0,0.0,0.0,0.0,0.7823994159698486,0.9266946315765381,0.7521827220916748,0.8436427116394043
all_data/dataset/test/image_45115.jpg,0.0,0.027777777777777776,0.0,0.027777777777777776,0.0,0.14285714285714285,0.0,0.14285714285714285,0.8143091201782227,0.896061897277832,0.7801003456115723,0.8286798000335693
all_data/dataset/test/image_61955.jpg,0.06666666666666667,0.0,0.06666666666666667,0.0,0.5,0.0,0.5,0.0,0.7917335033416748,0.9266960620880127,0.8490071296691895,1.035036563873291
all_data/dataset/test/image_05589.jpg,0.13658536585365855,0.07804878048780488,0.14146341463414633,0.07804878048780488,0.42857142857142855,0.22857142857142856,0.42857142857142855,0.22857142857142856,0.8133976459503174,0.8959548473358154,0.8129997253417969,0.8625600337982178
all_data/dataset/test/image_53094.jpg,0.14622641509433962,0.1179245283018868,0.14622641509433962,0.10849056603773585,0.4,0.2857142857142857,0.4,0.2857142857142857,0.7623069286346436,0.9346444606781006,0.7562603950500488,0.8687217235565186
all_data/dataset/test/image_50504.jpg,0.0,0.0,0.0,0.0,0.0,0.0,0.0,0.0,0.7950294017791748,0.8855171203613281,0.775442361831665,0.8777940273284912
all_data/dataset/test/image_80746.jpg,0.11363636363636363,0.15454545454545454,0.11818181818181818,0.15454545454545454,0.37142857142857144,0.2857142857142857,0.37142857142857144,0.2571428571428571,0.7743275165557861,0.9484515190124512,0.7873499393463135,0.8214004039764404
all_data/dataset/test/image_25925.jpg,0.015873015873015872,0.005291005291005291,0.015873015873015872,0.005291005291005291,0.06896551724137931,0.034482758620689655,0.06896551724137931,0.034482758620689655,0.8419058322906494,0.8969979286193848,0.7580611705780029,0.8709614276885986
all_data/dataset/test/image_60241.jpg,0.3813559322033898,0.4703389830508475,0.3855932203389831,0.4745762711864407,0.8857142857142857,0.7142857142857143,0.9142857142857143,0.6857142857142857,0.7865664958953857,1.0436639785766602,0.8044981956481934,0.8923068046569824
all_data/dataset/test/image_62387.jpg,0.11711711711711711,0.21171171171171171,0.11711711711711711,0.21171171171171171,0.4857142857142857,0.5714285714285714,0.4857142857142857,0.5714285714285714,0.8611159324645996,0.9571459293365479,0.7648050785064697,0.9190709590911865
all_data/dataset/test/image_96562.jpg,0.0,0.0,0.0,0.0,0.0,0.0,0.0,0.0,0.7882847785949707,0.8756661415100098,0.7666058540344238,0.878314733505249
all_data/dataset/test/image_30745.jpg,0.0,0.0,0.0,0.0,0.0,0.0,0.0,0.0,0.773737907409668,0.9242472648620605,0.8636603355407715,0.8576633930206299
all_data/dataset/test/image_03009.jpg,0.011363636363636364,0.011363636363636364,0.011363636363636364,0.011363636363636364,0.08333333333333333,0.08333333333333333,0.08333333333333333,0.08333333333333333,0.8099029064178467,1.0098357200622559,0.8591182231903076,0.7514374256134033
all_data/dataset/test/image_16615.jpg,0.020512820512820513,0.015384615384615385,0.020512820512820513,0.015384615384615385,0.08571428571428572,0.08571428571428572,0.08571428571428572,0.08571428571428572,0.786278486251831,0.9008824825286865,0.7950232028961182,0.8739423751831055
all_data/dataset/test/image_93351.jpg,0.0821917808219178,0.136986301369863,0.0684931506849315,0.136986301369863,0.4,0.22857142857142856,0.4,0.22857142857142856,0.8060777187347412,0.9479992389678955,0.7263264656066895,0.9134578704833984
all_data/dataset/test/image_46000.jpg,0.043689320388349516,0.07766990291262135,0.043689320388349516,0.0825242718446602,0.22857142857142856,0.17142857142857143,0.22857142857142856,0.2,0.853151798248291,0.981757640838623,0.76035475730896,0.811622142791748
all_data/dataset/test/image_36073.jpg,0.0,0.0,0.0,0.0,0.0,0.0,0.0,0.0,0.790168046951294,0.9696276187896729,0.7234008312225342,0.8877904415130615
all_data/dataset/test/image_16026.jpg,0.0,0.25,0.0,0.25,0.0,0.5,0.0,0.5,0.7945213317871094,0.9101786613464355,0.7976562976837158,0.8698749542236328
all_data/dataset/test/image_66694.jpg,0.0,0.0,0.0,0.0,0.0,0.0,0.0,0.0,0.8207008838653564,0.9396133422851562,0.7462477684020996,0.9080390930175781
all_data/dataset/test/image_75988.jpg,0.027777777777777776,0.05555555555555555,0.027777777777777776,0.1111111111111111,0.16666666666666666,0.3333333333333333,0.16666666666666666,0.3333333333333333,0.8196206092834473,0.9294149875640869,0.7831566333770752,0.9338135719299316
all_data/dataset/test/image_75376.jpg,0.020833333333333332,0.020833333333333332,0.020833333333333332,0.020833333333333332,0.11764705882352941,0.11764705882352941,0.11764705882352941,0.11764705882352941,0.8066306114196777,0.921637773513794,0.7866005897521973,0.872370719909668
all_data/dataset/test/image_20343.jpg,0.11764705882352941,0.11764705882352941,0.11764705882352941,0.11764705882352941,1.0,1.0,1.0,1.0,0.7592904567718506,0.9318997859954834,0.806565523147583,0.8047504425048828
all_data/dataset/test/image_61426.jpg,0.0,0.0,0.0,0.0,0.0,0.0,0.0,0.0,0.7672197818756104,0.8996148109436035,0.7810821533203125,0.8738758563995361
all_data/dataset/test/image_56367.jpg,0.10040160642570281,0.27309236947791166,0.10441767068273092,0.2891566265060241,0.5714285714285714,0.37142857142857144,0.5714285714285714,0.42857142857142855,0.801811933517456,0.8924136161804199,0.7802958488464355,0.8636026382446289
all_data/dataset/test/image_20804.jpg,0.0,0.0,0.0,0.0,0.0,0.0,0.0,0.0,0.8121299743652344,0.9487059116363525,0.806891679763794,0.8450868129730225
all_data/dataset/test/image_37719.jpg,0.0,0.0,0.0,0.0,0.0,0.0,0.0,0.0,0.7728819847106934,0.949368953704834,0.8026959896087646,0.8872849941253662
all_data/dataset/test/image_55487.jpg,0.0196078431372549,0.0196078431372549,0.0196078431372549,0.0196078431372549,0.13333333333333333,0.13333333333333333,0.13333333333333333,0.13333333333333333,0.7999227046966553,0.8694450855255127,0.8563480377197266,0.8886327743530273
all_data/dataset/test/image_48415.jpg,0.022727272727272728,0.1409090909090909,0.022727272727272728,0.1409090909090909,0.11428571428571428,0.2857142857142857,0.11428571428571428,0.2857142857142857,0.8285648822784424,0.9352920055389404,0.7413625717163086,0.8915741443634033
all_data/dataset/test/image_28169.jpg,0.7904761904761904,0.6904761904761905,0.780952380952381,0.7238095238095238,1.0,0.84375,1.03125,0.9375,0.8147618770599365,0.9183104038238525,0.8009598255157471,0.8640232086181641
all_data/dataset/test/image_79466.jpg,0.024096385542168676,0.018072289156626505,0.024096385542168676,0.012048192771084338,0.14814814814814814,0.1111111111111111,0.14814814814814814,0.07407407407407407,0.7599756717681885,0.916900634765625,0.8059325218200684,1.011061191558838
all_data/dataset/test/image_58868.jpg,0.038461538461538464,0.038461538461538464,0.038461538461538464,0.038461538461538464,0.18181818181818182,0.18181818181818182,0.18181818181818182,0.18181818181818182,0.8221375942230225,0.9059176445007324,0.8164021968841553,0.9035646915435791
all_data/dataset/test/image_85439.jpg,0.0,0.0,0.0,0.0,0.0,0.0,0.0,0.0,0.7836818695068359,0.9706771373748779,0.9113731384277344,1.0394551753997803
all_data/dataset/test/image_03221.jpg,0.5827338129496403,0.35611510791366907,0.5827338129496403,0.38848920863309355,1.0,0.5714285714285714,1.0,0.6,0.9190728664398193,1.074366569519043,0.8876163959503174,0.9798014163970947
all_data/dataset/test/image_65272.jpg,0.6971830985915493,0.47183098591549294,0.6901408450704225,0.4859154929577465,1.0,0.7727272727272727,1.0,0.8636363636363636,0.859276294708252,1.063370943069458,0.789482831954956,0.904412031173706
all_data/dataset/test/image_09046.jpg,0.6245210727969349,0.31417624521072796,0.6245210727969349,0.32950191570881227,0.9714285714285714,0.4857142857142857,0.9714285714285714,0.4857142857142857,0.8642549514770508,0.9537889957427979,0.783344030380249,1.1725666522979736
all_data/dataset/test/image_80707.jpg,0.14601769911504425,0.13716814159292035,0.1504424778761062,0.13274336283185842,0.6060606060606061,0.24242424242424243,0.6060606060606061,0.24242424242424243,0.9270641803741455,1.1179568767547607,0.869736909866333,0.9953994750976562
all_data/dataset/test/image_38552.jpg,0.33858267716535434,0.2952755905511811,0.33070866141732286,0.36220472440944884,0.8857142857142857,0.5714285714285714,0.8857142857142857,0.6285714285714286,0.9956977367401123,1.1027286052703857,1.0615732669830322,1.086411714553833
all_data/dataset/test/image_03018.jpg,0.09090909090909091,0.0,0.09090909090909091,0.0,0.5,0.0,0.5,0.0,0.8567917346954346,1.0553526878356934,0.8324532508850098,1.1263084411621094
all_data/dataset/test/image_96665.jpg,0.0,0.0,0.0,0.0,0.0,0.0,0.0,0.0,1.0438382625579834,1.0403060913085938,0.962977409362793,0.9929804801940918
all_data/dataset/test/image_10131.jpg,0.006666666666666667,0.0,0.006666666666666667,0.0,0.05555555555555555,0.0,0.05555555555555555,0.0,0.8497517108917236,0.9893307685852051,1.261660099029541,1.1712415218353271
all_data/dataset/test/image_80097.jpg,0.0,0.0,0.0,0.0,0.0,0.0,0.0,0.0,1.002288818359375,1.2939457893371582,1.1037440299987793,1.1493477821350098
all_data/dataset/test/image_86716.jpg,0.0,0.0,0.0,0.02702702702702703,0.0,0.0,0.0,0.125,0.9745960235595703,1.0777525901794434,1.0063128471374512,0.9956753253936768
all_data/dataset/test/image_20872.jpg,0.012121212121212121,0.012121212121212121,0.012121212121212121,0.012121212121212121,0.08695652173913043,0.08695652173913043,0.08695652173913043,0.08695652173913043,0.7958998680114746,0.9234349727630615,0.7423837184906006,0.8275823593139648
all_data/dataset/test/image_73436.jpg,0.0,0.0,0.0,0.0,0.0,0.0,0.0,0.0,0.8092951774597168,0.9176042079925537,0.7694220542907715,0.9435343742370605
all_data/dataset/test/image_06581.jpg,0.0,0.0,0.0,0.0,0.0,0.0,0.0,0.0,0.7918367385864258,0.9145135879516602,0.7425537109375,0.8714122772216797
all_data/dataset/test/image_13138.jpg,0.0,0.0,0.0,0.0,0.0,0.0,0.0,0.0,0.8026576042175293,1.04569673538208,0.7532262802124023,0.8535900115966797
all_data/dataset/test/image_25701.jpg,0.05434782608695652,0.03260869565217391,0.05434782608695652,0.03260869565217391,0.25806451612903225,0.0967741935483871,0.25806451612903225,0.0967741935483871,0.8001682758331299,0.9602243900299072,0.7692644596099854,0.9036412239074707
all_data/dataset/test/image_20064.jpg,0.0,0.0,0.0,0.0,0.0,0.0,0.0,0.0,0.7995095252990723,0.8965909481048584,0.8242578506469727,0.8746356964111328
all_data/dataset/test/image_67162.jpg,0.0,0.03333333333333333,0.0,0.03333333333333333,0.0,0.2,0.0,0.2,0.7893731594085693,0.8848340511322021,0.7832376956939697,0.9077439308166504
all_data/dataset/test/image_79853.jpg,0.028846153846153848,0.04326923076923077,0.028846153846153848,0.04326923076923077,0.15151515151515152,0.12121212121212122,0.15151515151515152,0.12121212121212122,0.8940560817718506,1.0471274852752686,0.8150243759155273,0.940349817276001
all_data/dataset/test/image_12882.jpg,0.08695652173913043,0.08695652173913043,0.08695652173913043,0.08695652173913043,0.6666666666666666,0.6666666666666666,0.6666666666666666,0.6666666666666666,0.8617222309112549,0.9330778121948242,0.8637158870697021,1.139160394668579
all_data/dataset/test/image_95991.jpg,0.04597701149425287,0.05747126436781609,0.04597701149425287,0.05747126436781609,0.2727272727272727,0.2727272727272727,0.2727272727272727,0.2727272727272727,0.8008890151977539,0.9563601016998291,0.8338217735290527,0.9001080989837646
all_data/dataset/test/image_32343.jpg,0.0,0.0,0.0,0.0,0.0,0.0,0.0,0.0,0.9167675971984863,1.185945749282837,0.8187901973724365,0.9148638248443604
all_data/dataset/test/image_54542.jpg,0.0,0.0,0.0,0.0,0.0,0.0,0.0,0.0,0.8725247383117676,1.0566253662109375,0.8882102966308594,0.8357343673706055
all_data/dataset/test/image_20249.jpg,0.0,0.0,0.0,0.0,0.0,0.0,0.0,0.0,0.8448381423950195,0.909632682800293,0.8090100288391113,1.135606050491333
all_data/dataset/test/image_23244.jpg,0.0,0.0,0.0,0.0,0.0,0.0,0.0,0.0,0.815161943435669,1.0183780193328857,0.9480297565460205,1.1449532508850098
all_data/dataset/test/image_96161.jpg,0.0,0.0,0.0,0.0,0.0,0.0,0.0,0.0,0.8000261783599854,1.0447354316711426,0.8998777866363525,0.8969254493713379
all_data/dataset/test/image_39590.jpg,0.02643171806167401,0.14096916299559473,0.03524229074889868,0.14096916299559473,0.17142857142857143,0.17142857142857143,0.22857142857142856,0.17142857142857143,0.8840179443359375,1.0392169952392578,0.807427167892456,0.9505524635314941
all_data/dataset/test/image_06886.jpg,0.005263157894736842,0.0,0.005263157894736842,0.0,0.05714285714285714,0.0,0.05714285714285714,0.0,0.8170530796051025,1.0569326877593994,0.930384635925293,0.8493010997772217
all_data/dataset/test/image_82936.jpg,0.10344827586206896,0.06896551724137931,0.10344827586206896,0.06896551724137931,0.6,0.4,0.6,0.4,0.7865369319915771,1.0001437664031982,0.8905332088470459,1.0532197952270508
all_data/dataset/test/image_16811.jpg,0.006944444444444444,0.006944444444444444,0.006944444444444444,0.006944444444444444,0.04,0.04,0.04,0.04,0.7845578193664551,0.9825606346130371,0.8015537261962891,1.0615367889404297
all_data/dataset/test/image_38136.jpg,0.02857142857142857,0.02857142857142857,0.02857142857142857,0.02857142857142857,0.16666666666666666,0.16666666666666666,0.16666666666666666,0.16666666666666666,0.8904516696929932,0.932931661605835,0.8497960567474365,0.9630815982818604
all_data/dataset/test/image_87562.jpg,0.0,0.0,0.0,0.0,0.0,0.0,0.0,0.0,0.8512346744537354,1.1220216751098633,0.8433868885040283,0.9735829830169678
all_data/dataset/test/image_50775.jpg,0.0,0.0625,0.0,0.0625,0.0,0.16666666666666666,0.0,0.16666666666666666,0.8621547222137451,1.0882902145385742,0.8345193862915039,0.8801419734954834
all_data/dataset/test/image_59670.jpg,0.7801724137931034,0.7586206896551724,0.7887931034482759,0.7327586206896551,0.9428571428571428,0.9714285714285714,0.9428571428571428,1.0,0.8645062446594238,0.9649794101715088,0.8694405555725098,0.9745829105377197
all_data/dataset/test/image_61307.jpg,0.0,0.0,0.0,0.0,0.0,0.0,0.0,0.0,0.8041973114013672,0.9348804950714111,0.7878754138946533,1.0655207633972168
all_data/dataset/test/image_08071.jpg,0.050505050505050504,0.04040404040404041,0.050505050505050504,0.04040404040404041,0.17142857142857143,0.17142857142857143,0.17142857142857143,0.17142857142857143,0.943566083908081,0.9668173789978027,0.8107790946960449,0.8951389789581299
all_data/dataset/test/image_77284.jpg,0.015463917525773196,0.015463917525773196,0.015463917525773196,0.020618556701030927,0.0967741935483871,0.0967741935483871,0.0967741935483871,0.12903225806451613,0.8942434787750244,1.0664725303649902,0.818321943283081,0.9174678325653076
all_data/dataset/test/image_55872.jpg,0.044444444444444446,0.044444444444444446,0.044444444444444446,0.044444444444444446,0.2857142857142857,0.2857142857142857,0.2857142857142857,0.2857142857142857,0.8976376056671143,0.9916172027587891,0.9064850807189941,0.8766555786132812
all_data/dataset/test/image_68902.jpg,0.0,0.0,0.0,0.0,0.0,0.0,0.0,0.0,0.8502051830291748,0.9026510715484619,0.8306140899658203,1.027590274810791
all_data/dataset/test/image_74232.jpg,0.0,0.0,0.0,0.0,0.0,0.0,0.0,0.0,0.926659345626831,0.9502723217010498,0.7705540657043457,0.9296152591705322
all_data/dataset/test/image_95688.jpg,0.0684931506849315,0.0273972602739726,0.0547945205479452,0.0273972602739726,0.2727272727272727,0.18181818181818182,0.18181818181818182,0.18181818181818182,0.8753385543823242,1.0092239379882812,0.8435447216033936,0.8877968788146973
all_data/dataset/test/image_95506.jpg,0.0,0.0,0.0,0.0,0.0,0.0,0.0,0.0,0.8507838249206543,1.0768866539001465,1.1609482765197754,9.187142372131348
all_data/dataset/test/image_88481.jpg,0.045454545454545456,0.045454545454545456,0.045454545454545456,0.045454545454545456,0.25,0.25,0.25,0.25,0.8777308464050293,0.958014726638794,0.8524222373962402,1.0757813453674316
all_data/dataset/test/image_84454.jpg,0.0,0.0,0.0,0.0,0.0,0.0,0.0,0.0,0.9533624649047852,0.9809765815734863,0.8493139743804932,0.9367728233337402
all_data/dataset/test/image_96961.jpg,0.03125,0.03125,0.03125,0.03125,0.2,0.2,0.2,0.2,1.121652603149414,1.0015010833740234,0.8180344104766846,0.889326810836792
all_data/dataset/test/image_05778.jpg,0.0,0.0,0.0,0.0,0.0,0.0,0.0,0.0,0.9270584583282471,1.1016738414764404,0.8052682876586914,0.9547536373138428
all_data/dataset/test/image_75114.jpg,0.1095890410958904,0.2694063926940639,0.1095890410958904,0.273972602739726,0.4,0.4857142857142857,0.4,0.5142857142857142,0.8784778118133545,0.9135971069335938,0.9020869731903076,1.0859696865081787
all_data/dataset/test/image_83048.jpg,0.0,0.0,0.0,0.0,0.0,0.0,0.0,0.0,1.0330333709716797,1.0519556999206543,0.8974997997283936,1.0157067775726318
all_data/dataset/test/image_49264.jpg,0.12608695652173912,0.20434782608695654,0.12608695652173912,0.20434782608695654,0.45714285714285713,0.5142857142857142,0.45714285714285713,0.5142857142857142,0.8733587265014648,0.980642557144165,0.9166660308837891,0.981290340423584
all_data/dataset/test/image_39156.jpg,0.0,0.0,0.0,0.0,0.0,0.0,0.0,0.0,0.8597931861877441,0.9066047668457031,0.7683265209197998,0.9860823154449463
all_data/dataset/test/image_68841.jpg,0.14566929133858267,0.25984251968503935,0.14566929133858267,0.2559055118110236,0.5428571428571428,0.4857142857142857,0.5428571428571428,0.5142857142857142,0.7830464839935303,0.982865571975708,0.7310709953308105,0.8578286170959473
all_data/dataset/test/image_28174.jpg,0.05263157894736842,0.05263157894736842,0.05263157894736842,0.05263157894736842,0.17647058823529413,0.17647058823529413,0.17647058823529413,0.17647058823529413,0.856381893157959,0.9607923030853271,0.9065649509429932,0.9533545970916748
all_data/dataset/test/image_52632.jpg,0.0,0.0,0.0,0.0,0.0,0.0,0.0,0.0,0.9292573928833008,0.9080493450164795,0.8962082862854004,1.0567011833190918
all_data/dataset/test/image_90804.jpg,0.02857142857142857,0.0,0.02857142857142857,0.0,0.2,0.0,0.2,0.0,0.9712564945220947,1.1383728981018066,0.9767565727233887,0.8580052852630615
all_data/dataset/test/image_58196.jpg,0.0,0.0,0.0,0.0,0.0,0.0,0.0,0.0,0.9015457630157471,1.3766655921936035,0.8014833927154541,0.8065693378448486
all_data/dataset/test/image_52154.jpg,0.8024193548387096,0.7258064516129032,0.7983870967741935,0.7459677419354839,0.9428571428571428,0.9428571428571428,0.9428571428571428,1.0,0.7569959163665771,0.9435410499572754,0.7673389911651611,0.8484737873077393
all_data/dataset/test/image_27750.jpg,0.0,0.0,0.0,0.0,0.0,0.0,0.0,0.0,0.8203074932098389,1.0388004779815674,0.9714479446411133,0.8843593597412109
all_data/dataset/test/image_46705.jpg,0.028985507246376812,0.028985507246376812,0.028985507246376812,0.028985507246376812,0.16666666666666666,0.16666666666666666,0.16666666666666666,0.16666666666666666,0.9188437461853027,0.8926658630371094,0.8041892051696777,0.9361217021942139
all_data/dataset/test/image_45756.jpg,0.0,0.0,0.0,0.0,0.0,0.0,0.0,0.0,0.8263931274414062,0.9574816226959229,0.8300328254699707,0.889857292175293
all_data/dataset/test/image_67759.jpg,0.24,0.16,0.25333333333333335,0.15555555555555556,0.7428571428571429,0.2,0.7714285714285715,0.17142857142857143,0.8162875175476074,0.968393087387085,0.816046953201294,1.0275344848632812
all_data/dataset/test/image_44703.jpg,0.0,0.0,0.0,0.0,0.0,0.0,0.0,0.0,0.8743667602539062,1.071502447128296,0.8805508613586426,0.9337608814239502
all_data/dataset/test/image_24132.jpg,0.0,0.0,0.0,0.0,0.0,0.0,0.0,0.0,0.8201744556427002,1.0033118724822998,0.8029546737670898,0.8854236602783203
all_data/dataset/test/image_56128.jpg,0.0,0.0,0.0,0.0,0.0,0.0,0.0,0.0,0.8433303833007812,0.9740972518920898,0.8150203227996826,0.9389286041259766
all_data/dataset/test/image_59976.jpg,0.0,0.0,0.0,0.0,0.0,0.0,0.0,0.0,0.8426492214202881,0.9371945858001709,0.7850661277770996,0.9424753189086914
all_data/dataset/test/image_79066.jpg,0.058823529411764705,0.058823529411764705,0.058823529411764705,0.058823529411764705,0.2857142857142857,0.2857142857142857,0.2857142857142857,0.2857142857142857,0.8372619152069092,0.9487917423248291,0.7639796733856201,1.0389437675476074
all_data/dataset/test/image_25103.jpg,0.0,0.0,0.0,0.0,0.0,0.0,0.0,0.0,0.8242917060852051,0.9865245819091797,0.799159049987793,0.9622623920440674
all_data/dataset/test/image_52676.jpg,0.0,0.0,0.0,0.0,0.0,0.0,0.0,0.0,0.7585136890411377,1.7854609489440918,0.8577146530151367,0.9912903308868408
all_data/dataset/test/image_53779.jpg,0.03773584905660377,0.0,0.0,0.018867924528301886,0.125,0.0,0.0,0.125,0.7883553504943848,0.9030945301055908,0.7292327880859375,0.9287426471710205
all_data/dataset/test/image_99868.jpg,0.23348017621145375,0.2290748898678414,0.21585903083700442,0.21145374449339208,0.7714285714285715,0.5428571428571428,0.7428571428571429,0.45714285714285713,0.7929294109344482,0.896334171295166,0.8269858360290527,0.8709499835968018
all_data/dataset/test/image_41721.jpg,0.18181818181818182,0.18181818181818182,0.18181818181818182,0.18181818181818182,0.5,0.5,0.5,0.5,0.8337228298187256,0.9144251346588135,0.8051156997680664,0.8718760013580322
all_data/dataset/test/image_37733.jpg,0.027777777777777776,0.027777777777777776,0.027777777777777776,0.027777777777777776,0.15384615384615385,0.15384615384615385,0.15384615384615385,0.15384615384615385,0.8147876262664795,0.8994674682617188,0.7899825572967529,0.888948917388916
all_data/dataset/test/image_13581.jpg,0.4074074074074074,0.3296296296296296,0.4,0.3148148148148148,0.9714285714285714,0.45714285714285713,0.9714285714285714,0.42857142857142855,0.8083381652832031,1.0240004062652588,0.9011020660400391,1.1286368370056152
all_data/dataset/test/image_55970.jpg,0.030612244897959183,0.12244897959183673,0.030612244897959183,0.12244897959183673,0.26666666666666666,0.2,0.26666666666666666,0.2,0.9966127872467041,0.9017598628997803,0.807431697845459,0.8604261875152588
all_data/dataset/test/image_20384.jpg,0.0625,0.26953125,0.0625,0.2734375,0.2857142857142857,0.37142857142857144,0.2857142857142857,0.4,0.9006044864654541,0.9506046772003174,0.8240585327148438,0.8968997001647949
all_data/dataset/test/image_16036.jpg,0.04,0.13333333333333333,0.04,0.14222222222222222,0.2,0.2,0.2,0.22857142857142856,0.8191840648651123,1.0170700550079346,0.7632186412811279,0.9175374507904053
all_data/dataset/test/image_86827.jpg,0.0,0.0,0.0,0.0,0.0,0.0,0.0,0.0,0.8039770126342773,0.9339306354522705,0.7369134426116943,0.9650964736938477
all_data/dataset/test/image_31262.jpg,0.0,0.0,0.0,0.0,0.0,0.0,0.0,0.0,0.7785980701446533,0.8607320785522461,0.7669677734375,1.1020209789276123
all_data/dataset/test/image_85619.jpg,0.03508771929824561,0.03508771929824561,0.03508771929824561,0.03508771929824561,0.16666666666666666,0.16666666666666666,0.16666666666666666,0.16666666666666666,0.9453282356262207,1.277036428451538,0.9214470386505127,0.9664459228515625
all_data/dataset/test/image_59677.jpg,0.0,0.0,0.0,0.0,0.0,0.0,0.0,0.0,0.931725025177002,1.3015029430389404,0.9315202236175537,0.9437410831451416
all_data/dataset/test/image_16981.jpg,0.16363636363636364,0.09090909090909091,0.16363636363636364,0.09090909090909091,0.5714285714285714,0.5714285714285714,0.5714285714285714,0.5714285714285714,0.8616201877593994,0.9064099788665771,0.857229471206665,1.1063790321350098
all_data/dataset/test/image_52480.jpg,0.24257425742574257,0.0891089108910891,0.2524752475247525,0.09900990099009901,0.75,0.28125,0.78125,0.3125,0.7872159481048584,0.8735024929046631,0.821234941482544,0.9627957344055176
all_data/dataset/test/image_13634.jpg,0.028089887640449437,0.0,0.028089887640449437,0.0,0.08,0.0,0.08,0.0,0.832097053527832,0.9659898281097412,0.7994678020477295,0.9986004829406738
all_data/dataset/test/image_94019.jpg,0.0,0.0,0.0,0.0,0.0,0.0,0.0,0.0,0.8979964256286621,1.0331170558929443,0.8914585113525391,1.0864841938018799
all_data/dataset/test/image_63518.jpg,0.7913669064748201,0.5755395683453237,0.7913669064748201,0.5539568345323741,0.9545454545454546,0.8636363636363636,1.0,0.8636363636363636,1.027467966079712,1.23173189163208,0.9403026103973389,1.0572013854980469
all_data/dataset/test/image_03121.jpg,0.0,0.0,0.0,0.0,0.0,0.0,0.0,0.0,1.0905413627624512,1.0172483921051025,0.765251874923706,0.9370570182800293
all_data/dataset/test/image_59264.jpg,0.4753521126760563,0.38380281690140844,0.4612676056338028,0.3767605633802817,1.0,0.6571428571428571,1.0,0.6571428571428571,0.8579356670379639,0.9623937606811523,0.8332860469818115,0.9356458187103271
all_data/dataset/test/image_48450.jpg,0.009345794392523364,0.0794392523364486,0.014018691588785047,0.0794392523364486,0.05714285714285714,0.14285714285714285,0.08571428571428572,0.14285714285714285,0.8144223690032959,0.9256424903869629,0.7697193622589111,0.9422504901885986
all_data/dataset/test/image_16003.jpg,0.14479638009049775,0.13574660633484162,0.1493212669683258,0.13122171945701358,0.5151515151515151,0.2727272727272727,0.5151515151515151,0.24242424242424243,0.7982189655303955,0.8947744369506836,0.798494815826416,0.8804595470428467
all_data/dataset/test/image_80199.jpg,0.09871244635193133,0.17167381974248927,0.1072961373390558,0.17167381974248927,0.2857142857142857,0.2857142857142857,0.34285714285714286,0.2857142857142857,0.7848660945892334,0.9687330722808838,0.7529301643371582,0.8642446994781494
all_data/dataset/test/image_81968.jpg,0.0,0.0,0.0,0.0,0.0,0.0,0.0,0.0,0.8236730098724365,0.9345312118530273,0.78529953956604,0.9045274257659912
all_data/dataset/test/image_61535.jpg,0.0,0.18181818181818182,0.0,0.18181818181818182,0.0,0.5,0.0,0.5,0.7728078365325928,0.9056775569915771,0.7123751640319824,0.9364950656890869
all_data/dataset/test/image_12532.jpg,0.0,0.0,0.0,0.0,0.0,0.0,0.0,0.0,0.855513334274292,0.8789079189300537,0.8159143924713135,0.9059984683990479
all_data/dataset/test/image_98667.jpg,0.0,0.0,0.0,0.0,0.0,0.0,0.0,0.0,0.863121747970581,0.9410667419433594,0.7573204040527344,0.94069504737854
all_data/dataset/test/image_49668.jpg,0.14553990610328638,0.3474178403755869,0.15023474178403756,0.2347417840375587,0.5428571428571428,0.42857142857142855,0.5428571428571428,0.3142857142857143,0.8137311935424805,0.9196290969848633,0.8308145999908447,0.8737938404083252
all_data/dataset/test/image_78294.jpg,0.005235602094240838,0.0,0.005235602094240838,0.0,0.034482758620689655,0.0,0.034482758620689655,0.0,0.8504760265350342,0.8716559410095215,0.7923545837402344,0.8605914115905762
all_data/dataset/test/image_97154.jpg,0.0,0.0,0.0,0.0,0.0,0.0,0.0,0.0,0.8144290447235107,0.952880859375,0.8464009761810303,0.8434996604919434
all_data/dataset/test/image_96851.jpg,0.027932960893854747,0.01675977653631285,0.027932960893854747,0.01675977653631285,0.17857142857142858,0.10714285714285714,0.17857142857142858,0.10714285714285714,0.815993070602417,0.8904335498809814,0.8384902477264404,0.8184709548950195
all_data/dataset/test/image_21602.jpg,0.3333333333333333,0.3333333333333333,0.3188405797101449,0.3333333333333333,0.9090909090909091,0.8181818181818182,0.8181818181818182,0.8181818181818182,0.851874828338623,0.9405050277709961,0.7417776584625244,0.8553650379180908
all_data/dataset/test/image_96057.jpg,0.011235955056179775,0.0449438202247191,0.011235955056179775,0.0449438202247191,0.09090909090909091,0.2727272727272727,0.09090909090909091,0.2727272727272727,0.7906239032745361,0.8909296989440918,0.8094692230224609,0.8606810569763184
all_data/dataset/test/image_01087.jpg,0.028169014084507043,0.028169014084507043,0.028169014084507043,0.028169014084507043,0.15384615384615385,0.15384615384615385,0.15384615384615385,0.15384615384615385,0.8565196990966797,0.9005846977233887,0.788715124130249,0.8763840198516846
all_data/dataset/test/image_16233.jpg,0.01935483870967742,0.012903225806451613,0.01935483870967742,0.012903225806451613,0.07142857142857142,0.03571428571428571,0.07142857142857142,0.03571428571428571,0.8482506275177002,1.0098295211791992,0.6843135356903076,0.8366358280181885
all_data/dataset/test/image_99213.jpg,0.0,0.0,0.0,0.0,0.0,0.0,0.0,0.0,0.8175661563873291,1.0609898567199707,0.8383524417877197,0.8180928230285645
all_data/dataset/test/image_52515.jpg,0.0,0.0,0.0,0.0,0.0,0.0,0.0,0.0,0.769465446472168,0.8914773464202881,0.8683404922485352,0.9430809020996094
all_data/dataset/test/image_89160.jpg,0.0,0.014925373134328358,0.0,0.014925373134328358,0.0,0.05714285714285714,0.0,0.05714285714285714,0.7901711463928223,0.9413101673126221,0.794327974319458,0.9276952743530273
all_data/dataset/test/image_26245.jpg,0.0,0.0,0.0,0.0,0.0,0.0,0.0,0.0,0.8804628849029541,0.8866486549377441,0.7892148494720459,0.8936750888824463
all_data/dataset/test/image_48447.jpg,0.006535947712418301,0.0,0.006535947712418301,0.0,0.04,0.0,0.04,0.0,0.8538098335266113,0.9246063232421875,0.7463741302490234,0.8695948123931885
all_data/dataset/test/image_48205.jpg,0.0,0.0,0.0,0.0,0.0,0.0,0.0,0.0,0.9256162643432617,0.8895730972290039,0.7770445346832275,0.8939645290374756
all_data/dataset/test/image_10303.jpg,0.04294478527607362,0.012269938650306749,0.04294478527607362,0.012269938650306749,0.2,0.08,0.2,0.08,0.8036694526672363,0.8666830062866211,0.7573206424713135,0.874582052230835
all_data/dataset/test/image_78403.jpg,0.0,0.0,0.0,0.0,0.0,0.0,0.0,0.0,0.8455777168273926,0.8424713611602783,0.8295795917510986,0.8514063358306885
all_data/dataset/test/image_48096.jpg,0.0,0.0,0.0,0.0,0.0,0.0,0.0,0.0,0.8034627437591553,0.8720080852508545,0.784419059753418,0.8894877433776855
all_data/dataset/test/image_19779.jpg,0.02358490566037736,0.07075471698113207,0.02358490566037736,0.07075471698113207,0.11428571428571428,0.11428571428571428,0.11428571428571428,0.11428571428571428,0.8248839378356934,0.9096391201019287,0.7532446384429932,0.8545222282409668
all_data/dataset/test/image_85096.jpg,0.0,0.0,0.0,0.0,0.0,0.0,0.0,0.0,0.816868782043457,0.959343671798706,0.7924647331237793,0.8894906044006348
all_data/dataset/test/image_07936.jpg,0.569620253164557,0.33755274261603374,0.5738396624472574,0.34177215189873417,0.9705882352941176,0.5588235294117647,0.9705882352941176,0.5882352941176471,0.8404028415679932,0.8459396362304688,0.7977278232574463,0.9023418426513672
all_data/dataset/test/image_55650.jpg,0.0,0.0,0.0,0.0,0.0,0.0,0.0,0.0,0.7613706588745117,0.9403865337371826,0.8465776443481445,0.8553929328918457
all_data/dataset/test/image_54802.jpg,0.0,0.0,0.0,0.0,0.0,0.0,0.0,0.0,0.8537185192108154,0.9266140460968018,0.8013670444488525,0.8594861030578613
all_data/dataset/test/image_79805.jpg,0.024271844660194174,0.04854368932038835,0.024271844660194174,0.04854368932038835,0.17142857142857143,0.08571428571428572,0.17142857142857143,0.08571428571428572,0.8137774467468262,0.8784799575805664,0.8104555606842041,0.8614530563354492
all_data/dataset/test/image_38497.jpg,0.0,0.0,0.0,0.0,0.0,0.0,0.0,0.0,0.8045182228088379,0.9296019077301025,0.8174245357513428,0.9125127792358398
all_data/dataset/test/image_67296.jpg,0.028985507246376812,0.028985507246376812,0.028985507246376812,0.028985507246376812,0.16666666666666666,0.16666666666666666,0.16666666666666666,0.16666666666666666,0.7579667568206787,0.952411413192749,0.788261890411377,0.8547132015228271
all_data/dataset/test/image_33943.jpg,0.009900990099009901,0.07425742574257425,0.009900990099009901,0.07425742574257425,0.030303030303030304,0.18181818181818182,0.030303030303030304,0.18181818181818182,0.7796750068664551,0.9125325679779053,0.7618036270141602,0.8851549625396729
all_data/dataset/test/image_57697.jpg,0.012987012987012988,0.0,0.012987012987012988,0.0,0.08333333333333333,0.0,0.08333333333333333,0.0,0.8224751949310303,0.9105124473571777,0.7934012413024902,0.9495935440063477
all_data/dataset/test/image_54826.jpg,0.03125,0.0625,0.03125,0.0625,0.25,0.375,0.25,0.375,0.8607954978942871,0.8603267669677734,0.8522872924804688,0.9437210559844971
all_data/dataset/test/image_42945.jpg,0.0,0.0,0.0,0.0,0.0,0.0,0.0,0.0,0.7582662105560303,0.8769290447235107,0.7304432392120361,0.91471266746521
all_data/dataset/test/image_66378.jpg,0.017241379310344827,0.0,0.017241379310344827,0.0,0.09090909090909091,0.0,0.09090909090909091,0.0,0.7842156887054443,0.9118025302886963,0.9067389965057373,0.8591227531433105
all_data/dataset/test/image_31574.jpg,0.026200873362445413,0.13100436681222707,0.026200873362445413,0.13100436681222707,0.16129032258064516,0.12903225806451613,0.16129032258064516,0.12903225806451613,0.7473187446594238,0.8579480648040771,0.7826788425445557,0.864288330078125
all_data/dataset/test/image_01878.jpg,0.42424242424242425,0.23232323232323232,0.42424242424242425,0.20707070707070707,0.9714285714285714,0.5428571428571428,0.9714285714285714,0.5142857142857142,0.8115160465240479,0.9335370063781738,0.7751193046569824,0.9448156356811523
all_data/dataset/test/image_08947.jpg,0.19730941704035873,0.27802690582959644,0.20179372197309417,0.28699551569506726,0.6857142857142857,0.6,0.6857142857142857,0.6,0.7384889125823975,0.9805562496185303,0.7422897815704346,0.8776571750640869
all_data/dataset/test/image_09250.jpg,0.0,0.0,0.0,0.0,0.0,0.0,0.0,0.0,0.8314988613128662,1.0283281803131104,0.7520873546600342,0.8989999294281006
all_data/dataset/test/image_62237.jpg,0.0,0.0,0.0,0.0,0.0,0.0,0.0,0.0,0.7468142509460449,0.9134986400604248,0.7992630004882812,0.8647212982177734
all_data/dataset/test/image_07793.jpg,0.0,0.0,0.0,0.0,0.0,0.0,0.0,0.0,0.8113856315612793,0.8831052780151367,0.8262734413146973,0.8946809768676758
all_data/dataset/test/image_36822.jpg,0.021929824561403508,0.13157894736842105,0.021929824561403508,0.13157894736842105,0.14705882352941177,0.17647058823529413,0.14705882352941177,0.17647058823529413,0.7911238670349121,0.8624706268310547,0.8364484310150146,0.9261541366577148
all_data/dataset/test/image_48195.jpg,0.012345679012345678,0.012345679012345678,0.012345679012345678,0.012345679012345678,0.08333333333333333,0.08333333333333333,0.08333333333333333,0.08333333333333333,0.8683357238769531,1.0247907638549805,0.8229391574859619,0.9791615009307861
all_data/dataset/test/image_48968.jpg,0.0945945945945946,0.14414414414414414,0.1036036036036036,0.15315315315315314,0.39285714285714285,0.25,0.4642857142857143,0.25,0.8853824138641357,0.936532735824585,0.770524263381958,0.9354686737060547
all_data/dataset/test/image_28040.jpg,0.0,0.11764705882352941,0.0,0.11764705882352941,0.0,0.2,0.0,0.2,0.8614368438720703,0.9230964183807373,0.7747581005096436,0.8687982559204102
all_data/dataset/test/image_82918.jpg,0.0,0.0,0.0,0.0,0.0,0.0,0.0,0.0,0.9059197902679443,0.8833761215209961,0.7934772968292236,0.8814501762390137
all_data/dataset/test/image_82147.jpg,0.0,0.009433962264150943,0.0,0.009433962264150943,0.0,0.05555555555555555,0.0,0.05555555555555555,0.8084268569946289,0.9699501991271973,0.7776279449462891,0.8622851371765137
all_data/dataset/test/image_76970.jpg,0.02512562814070352,0.01507537688442211,0.02512562814070352,0.01507537688442211,0.16129032258064516,0.06451612903225806,0.16129032258064516,0.06451612903225806,0.8567767143249512,0.8432583808898926,0.7419698238372803,0.8762128353118896
all_data/dataset/test/image_28263.jpg,0.5267175572519084,0.29770992366412213,0.5190839694656488,0.29770992366412213,1.0,0.42857142857142855,1.0,0.42857142857142855,0.8771629333496094,0.8898897171020508,0.7962462902069092,0.8696882724761963
all_data/dataset/test/image_29451.jpg,0.0,0.0,0.0,0.0,0.0,0.0,0.0,0.0,0.8002033233642578,0.9525511264801025,0.9123988151550293,0.9364793300628662
all_data/dataset/test/image_24155.jpg,0.5675675675675675,0.22297297297297297,0.5743243243243243,0.2635135135135135,1.0,0.5384615384615384,1.0,0.5769230769230769,0.8510158061981201,1.0463855266571045,0.7702865600585938,1.0573925971984863
all_data/dataset/test/image_84332.jpg,0.03482587064676617,0.014925373134328358,0.03482587064676617,0.014925373134328358,0.0967741935483871,0.06451612903225806,0.0967741935483871,0.06451612903225806,0.7673838138580322,0.8980453014373779,0.8437633514404297,1.0191054344177246
all_data/dataset/test/image_92854.jpg,0.08796296296296297,0.11574074074074074,0.08796296296296297,0.12037037037037036,0.3142857142857143,0.34285714285714286,0.3142857142857143,0.37142857142857144,0.9670329093933105,0.993807315826416,0.8627879619598389,1.1162300109863281
all_data/dataset/test/image_62688.jpg,0.0,0.0,0.0,0.0,0.0,0.0,0.0,0.0,0.9150919914245605,1.2244486808776855,0.97322678565979,1.131730079650879
all_data/dataset/test/image_19732.jpg,0.03636363636363636,0.03636363636363636,0.03636363636363636,0.03636363636363636,0.2222222222222222,0.2222222222222222,0.2222222222222222,0.2222222222222222,0.9771101474761963,1.1512956619262695,0.8750531673431396,0.9248437881469727
all_data/dataset/test/image_90619.jpg,0.016129032258064516,0.0,0.016129032258064516,0.0,0.1,0.0,0.1,0.0,1.0039994716644287,0.9634182453155518,0.8792998790740967,1.2306711673736572
all_data/dataset/test/image_37612.jpg,0.2511013215859031,0.4008810572687225,0.2511013215859031,0.31718061674008813,0.7428571428571429,0.8,0.7428571428571429,0.5714285714285714,0.8301951885223389,0.9511237144470215,0.7461776733398438,0.930368185043335
all_data/dataset/test/image_37063.jpg,0.0,0.0,0.0,0.0,0.0,0.0,0.0,0.0,0.9163439273834229,1.0145158767700195,0.8240001201629639,0.856947660446167
all_data/dataset/test/image_55029.jpg,0.046511627906976744,0.08372093023255814,0.046511627906976744,0.08372093023255814,0.2571428571428571,0.14285714285714285,0.2571428571428571,0.14285714285714285,0.8084774017333984,0.947007417678833,0.816415548324585,0.9093284606933594
all_data/dataset/test/image_62898.jpg,0.0,0.0,0.0,0.0,0.0,0.0,0.0,0.0,0.8409204483032227,0.8602092266082764,0.8077423572540283,0.8382575511932373
all_data/dataset/test/image_57542.jpg,0.0,0.0,0.0,0.0,0.0,0.0,0.0,0.0,0.8229506015777588,0.8764266967773438,0.8298940658569336,0.854076623916626
all_data/dataset/test/image_25845.jpg,0.03347280334728033,0.18828451882845187,0.03347280334728033,0.18828451882845187,0.17647058823529413,0.29411764705882354,0.17647058823529413,0.29411764705882354,0.7948164939880371,1.0918865203857422,0.967688798904419,0.8849649429321289
all_data/dataset/test/image_01614.jpg,0.0,0.0,0.0,0.0,0.0,0.0,0.0,0.0,0.7767605781555176,0.9042844772338867,1.1154649257659912,0.9964957237243652
all_data/dataset/test/image_94514.jpg,0.014492753623188406,0.0,0.014492753623188406,0.0,0.1,0.0,0.1,0.0,0.7327492237091064,0.8666505813598633,0.7791488170623779,0.9028520584106445
all_data/dataset/test/image_75370.jpg,0.07391304347826087,0.15217391304347827,0.07391304347826087,0.16521739130434782,0.2857142857142857,0.2571428571428571,0.2857142857142857,0.3142857142857143,0.7987725734710693,1.164339542388916,0.8354732990264893,0.9347171783447266
all_data/dataset/test/image_35332.jpg,0.0,0.0,0.0,0.0,0.0,0.0,0.0,0.0,0.9400770664215088,0.9747605323791504,0.8497743606567383,0.9621644020080566
all_data/dataset/test/image_09854.jpg,0.027777777777777776,0.027777777777777776,0.027777777777777776,0.027777777777777776,0.2,0.2,0.2,0.2,0.8642444610595703,0.9440720081329346,0.8015570640563965,0.9369490146636963
all_data/dataset/test/image_32599.jpg,0.0,0.0,0.0,0.0,0.0,0.0,0.0,0.0,0.8606746196746826,0.9513545036315918,0.8061168193817139,0.8982317447662354
all_data/dataset/test/image_10241.jpg,0.0,0.015384615384615385,0.0,0.015384615384615385,0.0,0.09090909090909091,0.0,0.09090909090909091,0.8039290904998779,0.9451286792755127,0.7937335968017578,0.8819377422332764
all_data/dataset/test/image_38639.jpg,0.0,0.01020408163265306,0.0,0.01020408163265306,0.0,0.06666666666666667,0.0,0.06666666666666667,0.8170919418334961,0.9354863166809082,0.868992805480957,0.9137933254241943
all_data/dataset/test/image_23637.jpg,0.0,0.0,0.0,0.0,0.0,0.0,0.0,0.0,0.8423223495483398,1.2306768894195557,0.8558814525604248,0.9221963882446289
all_data/dataset/test/image_38971.jpg,0.016666666666666666,0.0,0.016666666666666666,0.0,0.1111111111111111,0.0,0.1111111111111111,0.0,0.8725185394287109,1.1180243492126465,0.8175485134124756,1.0240485668182373
all_data/dataset/test/image_79584.jpg,0.0,0.0,0.0,0.0,0.0,0.0,0.0,0.0,0.838681697845459,0.8779134750366211,0.9518444538116455,0.9547727108001709
all_data/dataset/test/image_84938.jpg,0.0,0.0,0.0,0.0,0.0,0.0,0.0,0.0,0.8066244125366211,0.940852165222168,0.7614858150482178,0.8766434192657471
all_data/dataset/test/image_86541.jpg,0.0,0.0,0.0,0.0,0.0,0.0,0.0,0.0,0.8676838874816895,1.0914318561553955,0.7830688953399658,0.7937781810760498
all_data/dataset/test/image_81464.jpg,0.0967741935483871,0.08387096774193549,0.0967741935483871,0.05806451612903226,0.3181818181818182,0.13636363636363635,0.3181818181818182,0.13636363636363635,0.7817001342773438,0.8505418300628662,0.8752508163452148,0.8876698017120361
all_data/dataset/test/image_63754.jpg,0.0,0.0,0.0,0.0,0.0,0.0,0.0,0.0,0.8635663986206055,0.979161262512207,0.769505500793457,0.9021463394165039
all_data/dataset/test/image_00846.jpg,0.0,0.0,0.0,0.0,0.0,0.0,0.0,0.0,0.9833621978759766,1.0567729473114014,0.7741546630859375,0.8926119804382324
all_data/dataset/test/image_39230.jpg,0.0,0.0,0.0,0.0,0.0,0.0,0.0,0.0,0.8075551986694336,0.9375529289245605,0.8329489231109619,0.9038236141204834
all_data/dataset/test/image_84553.jpg,0.0,0.0,0.0,0.0,0.0,0.0,0.0,0.0,0.8733177185058594,0.9685966968536377,0.8385882377624512,0.9374330043792725
all_data/dataset/test/image_91553.jpg,0.0,0.0,0.0,0.0,0.0,0.0,0.0,0.0,0.8173425197601318,0.9976844787597656,0.8202555179595947,0.8958673477172852
all_data/dataset/test/image_58058.jpg,0.01098901098901099,0.016483516483516484,0.01098901098901099,0.01098901098901099,0.07407407407407407,0.1111111111111111,0.07407407407407407,0.07407407407407407,0.8316092491149902,0.9725022315979004,0.8188216686248779,0.8661863803863525
all_data/dataset/test/image_69390.jpg,0.7922077922077922,0.696969696969697,0.7878787878787878,0.696969696969697,1.0,0.9714285714285714,1.0,1.0,0.7647323608398438,0.9127604961395264,0.8243632316589355,0.9283456802368164
all_data/dataset/test/image_20643.jpg,0.12037037037037036,0.3055555555555556,0.12037037037037036,0.2962962962962963,0.5142857142857142,0.4857142857142857,0.5428571428571428,0.4857142857142857,0.788517951965332,0.8579795360565186,0.8208303451538086,0.8526468276977539
all_data/dataset/test/image_66218.jpg,0.0,0.037037037037037035,0.0,0.037037037037037035,0.0,0.25,0.0,0.25,0.7903194427490234,0.8967454433441162,0.7931866645812988,0.8676183223724365
all_data/dataset/test/image_78281.jpg,0.0,0.0,0.0,0.0,0.0,0.0,0.0,0.0,0.8134663105010986,0.9669687747955322,0.8247778415679932,1.0906915664672852
all_data/dataset/test/image_70711.jpg,0.0,0.0,0.0,0.0,0.0,0.0,0.0,0.0,1.0669841766357422,1.0525891780853271,0.8611273765563965,1.146965742111206
all_data/dataset/test/image_41974.jpg,0.09523809523809523,0.09523809523809523,0.09523809523809523,0.09523809523809523,0.5,0.5,0.5,0.5,1.0010881423950195,0.8769598007202148,0.7924418449401855,0.9448275566101074
all_data/dataset/test/image_40399.jpg,0.04878048780487805,0.04878048780487805,0.04878048780487805,0.04878048780487805,0.2222222222222222,0.2222222222222222,0.2222222222222222,0.2222222222222222,0.8311738967895508,0.9050731658935547,0.8212738037109375,0.9106693267822266
all_data/dataset/test/image_88087.jpg,0.0,0.0,0.0,0.0,0.0,0.0,0.0,0.0,0.7806329727172852,0.9095439910888672,0.8438706398010254,0.8953151702880859
all_data/dataset/test/image_07451.jpg,0.0,0.0,0.0,0.0,0.0,0.0,0.0,0.0,0.8625824451446533,0.906620979309082,0.7587900161743164,0.8714962005615234
all_data/dataset/test/image_85750.jpg,0.029850746268656716,0.029850746268656716,0.029850746268656716,0.029850746268656716,0.16666666666666666,0.16666666666666666,0.16666666666666666,0.16666666666666666,0.9510047435760498,1.1860711574554443,0.865548849105835,1.0475773811340332
all_data/dataset/test/image_49298.jpg,0.7551867219917012,0.5892116182572614,0.7593360995850622,0.5850622406639004,1.0,0.8857142857142857,1.0,0.8857142857142857,0.9005062580108643,1.1814558506011963,0.8987822532653809,1.201150894165039
all_data/dataset/test/image_21601.jpg,0.0,0.0,0.0,0.0,0.0,0.0,0.0,0.0,1.0621240139007568,1.2117552757263184,0.9798047542572021,1.1468541622161865
all_data/dataset/test/image_72416.jpg,0.0,0.0,0.0,0.0,0.0,0.0,0.0,0.0,1.1401748657226562,1.2585837841033936,0.9315853118896484,1.325443983078003
all_data/dataset/test/image_93818.jpg,0.0,0.0,0.0,0.0,0.0,0.0,0.0,0.0,0.9077835083007812,1.011744737625122,0.9125354290008545,1.1094636917114258
all_data/dataset/test/image_70801.jpg,0.0,0.0,0.0,0.0,0.0,0.0,0.0,0.0,1.0182385444641113,1.1411588191986084,1.051844596862793,1.0980236530303955
all_data/dataset/test/image_73290.jpg,0.65625,0.19791666666666666,0.6614583333333334,0.17708333333333334,0.9629629629629629,0.6296296296296297,0.9629629629629629,0.5185185185185185,1.030921459197998,1.237701654434204,1.0970547199249268,0.9171593189239502
all_data/dataset/test/image_41412.jpg,0.0,0.0,0.0,0.0,0.0,0.0,0.0,0.0,1.0674512386322021,1.252082347869873,0.8059506416320801,0.9520556926727295
all_data/dataset/test/image_00669.jpg,0.0,0.0,0.0,0.0,0.0,0.0,0.0,0.0,0.7875270843505859,0.9516868591308594,0.8265509605407715,0.9384691715240479
all_data/dataset/test/image_83589.jpg,0.01932367149758454,0.043478260869565216,0.01932367149758454,0.043478260869565216,0.17142857142857143,0.08571428571428572,0.17142857142857143,0.08571428571428572,0.9703342914581299,1.122422456741333,0.78371262550354,0.9571609497070312
all_data/dataset/test/image_95489.jpg,0.022222222222222223,0.03333333333333333,0.022222222222222223,0.03333333333333333,0.14285714285714285,0.2857142857142857,0.14285714285714285,0.2857142857142857,0.8478279113769531,1.0297322273254395,0.7885408401489258,0.9813089370727539
all_data/dataset/test/image_67690.jpg,0.037383177570093455,0.09345794392523364,0.04205607476635514,0.09345794392523364,0.17857142857142858,0.2857142857142857,0.21428571428571427,0.2857142857142857,0.7897756099700928,0.9264521598815918,0.8088433742523193,0.8801219463348389
all_data/dataset/test/image_46321.jpg,0.0,0.0,0.0,0.0,0.0,0.0,0.0,0.0,0.8153772354125977,1.0305299758911133,0.7977674007415771,1.0402801036834717
all_data/dataset/test/image_91894.jpg,0.75,0.6818181818181818,0.75,0.6909090909090909,1.0,0.9705882352941176,1.0,1.0,0.9384374618530273,1.0011675357818604,0.7817964553833008,0.8525571823120117
all_data/dataset/test/image_26954.jpg,0.007936507936507936,0.0,0.007936507936507936,0.0,0.05263157894736842,0.0,0.05263157894736842,0.0,0.8333089351654053,0.9250681400299072,0.8470790386199951,0.9339268207550049
all_data/dataset/test/image_42336.jpg,0.013513513513513514,0.02702702702702703,0.013513513513513514,0.02702702702702703,0.08333333333333333,0.08333333333333333,0.08333333333333333,0.08333333333333333,0.7962777614593506,0.9706873893737793,0.7942023277282715,0.9118242263793945
all_data/dataset/test/image_64610.jpg,0.0,0.0,0.0,0.0,0.0,0.0,0.0,0.0,0.7954897880554199,0.9738714694976807,0.7975397109985352,0.9293417930603027
all_data/dataset/test/image_73665.jpg,0.0,0.0,0.0,0.0,0.0,0.0,0.0,0.0,0.8499507904052734,1.0002188682556152,0.8167593479156494,0.9743883609771729
all_data/dataset/test/image_44669.jpg,0.0,0.0,0.0,0.0,0.0,0.0,0.0,0.0,0.8711025714874268,1.0305311679840088,0.8577892780303955,0.9439282417297363
all_data/dataset/test/image_85025.jpg,0.03225806451612903,0.0,0.03225806451612903,0.0,0.2,0.0,0.2,0.0,0.8746898174285889,0.9625787734985352,0.8011984825134277,0.9448037147521973
all_data/dataset/test/image_27567.jpg,0.0196078431372549,0.058823529411764705,0.0196078431372549,0.0392156862745098,0.1111111111111111,0.3333333333333333,0.1111111111111111,0.2222222222222222,0.8952829837799072,0.8833596706390381,0.876265287399292,0.9337306022644043
all_data/dataset/test/image_03398.jpg,0.0,0.0,0.0,0.0,0.0,0.0,0.0,0.0,0.8304307460784912,0.8685164451599121,0.8105039596557617,0.8704447746276855
all_data/dataset/test/image_82980.jpg,0.0,0.0,0.0,0.0,0.0,0.0,0.0,0.0,0.8517413139343262,0.9226975440979004,0.817528247833252,0.8775627613067627
all_data/dataset/test/image_83174.jpg,0.0,0.0,0.0,0.0,0.0,0.0,0.0,0.0,0.8342506885528564,0.8966770172119141,0.8111276626586914,0.9138238430023193
all_data/dataset/test/image_82831.jpg,0.21304347826086956,0.30434782608695654,0.21739130434782608,0.3130434782608696,0.6571428571428571,0.6285714285714286,0.6857142857142857,0.6285714285714286,0.7868185043334961,0.8819751739501953,0.7799804210662842,0.9172132015228271
all_data/dataset/test/image_43476.jpg,0.17551020408163265,0.3142857142857143,0.17551020408163265,0.3306122448979592,0.5428571428571428,0.5714285714285714,0.5428571428571428,0.5714285714285714,0.8370921611785889,0.8778238296508789,0.8465080261230469,0.8811020851135254
all_data/dataset/test/image_10442.jpg,0.024193548387096774,0.016129032258064516,0.024193548387096774,0.016129032258064516,0.11764705882352941,0.11764705882352941,0.11764705882352941,0.11764705882352941,0.8029062747955322,1.042553424835205,0.8260114192962646,1.0418260097503662
all_data/dataset/test/image_06365.jpg,0.0,0.0,0.0,0.0,0.0,0.0,0.0,0.0,0.8709008693695068,0.957261323928833,0.8842198848724365,0.8516840934753418
all_data/dataset/test/image_62122.jpg,0.07142857142857142,0.0,0.07142857142857142,0.0,0.5,0.0,0.5,0.0,0.9225153923034668,0.984346866607666,0.779541015625,0.8673100471496582
all_data/dataset/test/image_96058.jpg,0.01764705882352941,0.01764705882352941,0.01764705882352941,0.01764705882352941,0.10344827586206896,0.10344827586206896,0.10344827586206896,0.10344827586206896,0.813720703125,0.9906327724456787,0.7668623924255371,1.0562479496002197
all_data/dataset/test/image_72696.jpg,0.06726457399103139,0.13901345291479822,0.07174887892376682,0.14349775784753363,0.37142857142857144,0.2571428571428571,0.4,0.2857142857142857,0.9357857704162598,0.8910248279571533,0.8490502834320068,0.952979564666748
all_data/dataset/test/image_74837.jpg,0.02857142857142857,0.02857142857142857,0.02857142857142857,0.02857142857142857,0.16666666666666666,0.16666666666666666,0.16666666666666666,0.16666666666666666,0.8130755424499512,0.9747955799102783,0.873676061630249,0.9263384342193604
all_data/dataset/test/image_36729.jpg,0.0,0.0,0.0,0.0,0.0,0.0,0.0,0.0,0.8146016597747803,1.0139174461364746,0.8189444541931152,0.9544930458068848
all_data/dataset/test/image_92031.jpg,0.0,0.0,0.0,0.0,0.0,0.0,0.0,0.0,0.834226131439209,0.975029706954956,0.8004436492919922,0.949387788772583
all_data/dataset/test/image_90074.jpg,0.0,0.0,0.0,0.0,0.0,0.0,0.0,0.0,0.8052196502685547,0.9580388069152832,0.872467041015625,0.9944839477539062
all_data/dataset/test/image_50936.jpg,0.03211009174311927,0.11926605504587157,0.03211009174311927,0.12385321100917432,0.22857142857142856,0.22857142857142856,0.22857142857142856,0.2571428571428571,0.8088254928588867,0.9275643825531006,0.8772735595703125,0.9237494468688965
all_data/dataset/test/image_26003.jpg,0.48828125,0.62109375,0.484375,0.62109375,1.0,0.9142857142857143,1.0,0.9142857142857143,0.86846923828125,1.0188071727752686,0.7750940322875977,0.9097177982330322
all_data/dataset/test/image_33470.jpg,0.023809523809523808,0.023809523809523808,0.023809523809523808,0.023809523809523808,0.14285714285714285,0.14285714285714285,0.14285714285714285,0.14285714285714285,0.8373942375183105,0.9370458126068115,0.8417973518371582,0.987281322479248
all_data/dataset/test/image_15902.jpg,0.21666666666666667,0.21666666666666667,0.22083333333333333,0.22083333333333333,0.7666666666666667,0.43333333333333335,0.8,0.43333333333333335,0.7935464382171631,0.919461727142334,0.8088600635528564,0.895066499710083
all_data/dataset/test/image_71889.jpg,0.0,0.0,0.0,0.0,0.0,0.0,0.0,0.0,0.8262217044830322,0.9389026165008545,0.7772364616394043,0.9576005935668945
all_data/dataset/test/image_92626.jpg,0.05263157894736842,0.07655502392344497,0.05263157894736842,0.07655502392344497,0.2571428571428571,0.2,0.2571428571428571,0.2,0.854520320892334,1.0419745445251465,0.8999595642089844,0.9327940940856934
all_data/dataset/test/image_11930.jpg,0.0,0.0,0.0,0.0,0.0,0.0,0.0,0.0,1.0213420391082764,1.155550241470337,0.7736420631408691,0.950763463973999
all_data/dataset/test/image_89592.jpg,0.48936170212765956,0.1702127659574468,0.5106382978723404,0.2074468085106383,0.9428571428571428,0.4,0.9428571428571428,0.42857142857142855,0.90252685546875,0.8864626884460449,0.8058681488037109,0.8764324188232422
all_data/dataset/test/image_00918.jpg,0.038461538461538464,0.005494505494505495,0.038461538461538464,0.005494505494505495,0.07692307692307693,0.07692307692307693,0.07692307692307693,0.07692307692307693,0.7811598777770996,0.8865320682525635,0.8085510730743408,0.9313986301422119
all_data/dataset/test/image_56606.jpg,0.2971014492753623,0.3333333333333333,0.30434782608695654,0.35144927536231885,0.7714285714285715,0.5142857142857142,0.7714285714285715,0.5714285714285714,0.7532365322113037,0.8969686031341553,0.7757506370544434,0.9363203048706055
all_data/dataset/test/image_43000.jpg,0.027777777777777776,0.08333333333333333,0.027777777777777776,0.08333333333333333,0.11428571428571428,0.08571428571428572,0.11428571428571428,0.08571428571428572,0.8383855819702148,0.8814427852630615,0.8298060894012451,0.9675109386444092
all_data/dataset/test/image_36601.jpg,0.07954545454545454,0.10227272727272728,0.08522727272727272,0.0625,0.391304347826087,0.34782608695652173,0.391304347826087,0.21739130434782608,0.8656680583953857,0.8998458385467529,0.7717523574829102,0.9777195453643799
all_data/dataset/test/image_50102.jpg,0.0,0.04819277108433735,0.0,0.04819277108433735,0.0,0.4166666666666667,0.0,0.4166666666666667,0.7968401908874512,0.9774842262268066,0.8272225856781006,0.8857626914978027
all_data/dataset/test/image_88477.jpg,0.0,0.0,0.0,0.0,0.0,0.0,0.0,0.0,0.8077542781829834,1.0124406814575195,0.7602541446685791,0.9328808784484863
all_data/dataset/test/image_17856.jpg,0.0,0.0,0.0,0.0,0.0,0.0,0.0,0.0,0.825984001159668,0.9152743816375732,0.7643904685974121,0.8615212440490723
all_data/dataset/test/image_75180.jpg,0.0,0.0,0.0,0.0,0.0,0.0,0.0,0.0,0.8261001110076904,0.9392116069793701,0.8322181701660156,0.8857159614562988
all_data/dataset/test/image_88169.jpg,0.0,0.0,0.0,0.0,0.0,0.0,0.0,0.0,0.8385329246520996,0.8937821388244629,0.8223230838775635,0.8889715671539307
all_data/dataset/test/image_44912.jpg,0.0,0.0,0.0,0.0,0.0,0.0,0.0,0.0,0.8391263484954834,0.9379820823669434,0.7992599010467529,0.923694372177124
all_data/dataset/test/image_67268.jpg,0.0,0.0,0.0,0.0,0.0,0.0,0.0,0.0,0.8556733131408691,0.9577322006225586,0.8050909042358398,0.991124153137207
all_data/dataset/test/image_18179.jpg,0.0,0.0,0.0,0.0,0.0,0.0,0.0,0.0,0.7616057395935059,0.9355964660644531,0.804253101348877,1.009711742401123
all_data/dataset/test/image_88738.jpg,0.02127659574468085,0.02127659574468085,0.02127659574468085,0.02127659574468085,0.14285714285714285,0.14285714285714285,0.14285714285714285,0.14285714285714285,0.843792200088501,1.017608880996704,0.812227725982666,0.9301331043243408
all_data/dataset/test/image_54255.jpg,0.020833333333333332,0.03125,0.020833333333333332,0.03125,0.15384615384615385,0.15384615384615385,0.15384615384615385,0.15384615384615385,0.8321168422698975,0.9053184986114502,0.8816313743591309,0.981311559677124
all_data/dataset/test/image_52327.jpg,0.0,0.0,0.0,0.0,0.0,0.0,0.0,0.0,0.8713645935058594,1.0358214378356934,0.8427860736846924,0.9392375946044922
all_data/dataset/test/image_24538.jpg,0.0,0.0,0.0,0.0,0.0,0.0,0.0,0.0,0.9228940010070801,1.0343053340911865,0.7930049896240234,0.8448665142059326
all_data/dataset/test/image_13501.jpg,0.7672413793103449,0.6724137931034483,0.771551724137931,0.7327586206896551,0.9714285714285714,0.9142857142857143,0.9714285714285714,1.0,0.8174252510070801,0.9801335334777832,0.7808077335357666,0.8841426372528076
all_data/dataset/test/image_15268.jpg,0.024390243902439025,0.016260162601626018,0.024390243902439025,0.016260162601626018,0.13043478260869565,0.08695652173913043,0.13043478260869565,0.08695652173913043,0.8388803005218506,0.9310400485992432,0.8358855247497559,0.9246780872344971
all_data/dataset/test/image_50682.jpg,0.17446808510638298,0.2127659574468085,0.1702127659574468,0.20425531914893616,0.6,0.42857142857142855,0.5428571428571428,0.37142857142857144,0.8946952819824219,0.9356470108032227,0.7843241691589355,0.8763854503631592
all_data/dataset/test/image_36063.jpg,0.017241379310344827,0.011494252873563218,0.017241379310344827,0.011494252873563218,0.08571428571428572,0.02857142857142857,0.08571428571428572,0.02857142857142857,0.8912396430969238,0.8797421455383301,0.7876005172729492,0.8533565998077393
all_data/dataset/test/image_66723.jpg,0.08928571428571429,0.0,0.08928571428571429,0.0,0.5,0.0,0.5,0.0,0.8473546504974365,0.9578995704650879,0.8339033126831055,0.8635401725769043
all_data/dataset/test/image_97754.jpg,0.0,0.0,0.0,0.0,0.0,0.0,0.0,0.0,0.7870357036590576,0.8793630599975586,0.8062882423400879,0.9416675567626953
all_data/dataset/test/image_02287.jpg,0.03333333333333333,0.0761904761904762,0.03333333333333333,0.0761904761904762,0.2,0.17142857142857143,0.2,0.17142857142857143,0.9768388271331787,1.0697100162506104,0.9629168510437012,1.0160925388336182
all_data/dataset/test/image_37213.jpg,0.0,0.013888888888888888,0.0,0.013888888888888888,0.0,0.08333333333333333,0.0,0.08333333333333333,0.8901901245117188,1.1435842514038086,0.9914979934692383,1.042520523071289
all_data/dataset/test/image_16333.jpg,0.03076923076923077,0.09230769230769231,0.03076923076923077,0.09230769230769231,0.2222222222222222,0.3333333333333333,0.2222222222222222,0.3333333333333333,0.8511068820953369,0.92728590965271,0.8556175231933594,0.952404260635376
all_data/dataset/test/image_70770.jpg,0.3,0.3695652173913043,0.30434782608695654,0.39565217391304347,0.9142857142857143,0.6571428571428571,0.9428571428571428,0.7142857142857143,0.787874698638916,0.9707071781158447,0.9101390838623047,0.9806969165802002
all_data/dataset/test/image_67983.jpg,0.08695652173913043,0.1956521739130435,0.08695652173913043,0.20434782608695654,0.34285714285714286,0.2571428571428571,0.34285714285714286,0.2857142857142857,0.9384369850158691,0.9234516620635986,0.8233499526977539,1.0202131271362305
all_data/dataset/test/image_52062.jpg,0.023809523809523808,0.0,0.023809523809523808,0.0,0.14285714285714285,0.0,0.14285714285714285,0.0,0.8554353713989258,0.9544727802276611,0.881178617477417,0.9241178035736084
all_data/dataset/test/image_13293.jpg,0.0,0.0,0.0,0.0,0.0,0.0,0.0,0.0,0.8278071880340576,1.0516324043273926,0.8107812404632568,0.8781323432922363
all_data/dataset/test/image_89941.jpg,0.034934497816593885,0.14410480349344978,0.034934497816593885,0.14410480349344978,0.21212121212121213,0.21212121212121213,0.21212121212121213,0.21212121212121213,0.854834794998169,0.91823410987854,0.8049271106719971,0.9700136184692383
all_data/dataset/test/image_35702.jpg,0.0,0.0,0.0,0.0,0.0,0.0,0.0,0.0,0.9059128761291504,0.9348464012145996,0.7997536659240723,0.9057395458221436
all_data/dataset/test/image_79588.jpg,0.0,0.0,0.0,0.0,0.0,0.0,0.0,0.0,0.8655037879943848,0.9383282661437988,0.8837714195251465,0.9528708457946777
all_data/dataset/test/image_25911.jpg,0.06944444444444445,0.027777777777777776,0.06944444444444445,0.027777777777777776,0.18181818181818182,0.18181818181818182,0.18181818181818182,0.18181818181818182,0.8879692554473877,0.977226734161377,0.8211245536804199,0.9308743476867676
all_data/dataset/test/image_99488.jpg,0.1506276150627615,0.2510460251046025,0.14644351464435146,0.2384937238493724,0.7142857142857143,0.42857142857142855,0.7142857142857143,0.42857142857142855,0.8676602840423584,0.945368766784668,0.8558638095855713,0.9899952411651611
all_data/dataset/test/image_84742.jpg,0.06147540983606557,0.20081967213114754,0.06147540983606557,0.20081967213114754,0.37142857142857144,0.2857142857142857,0.37142857142857144,0.2857142857142857,0.8193018436431885,0.9544146060943604,0.7851202487945557,0.91782546043396
all_data/dataset/test/image_55490.jpg,0.0,0.0,0.0,0.0,0.0,0.0,0.0,0.0,0.915471076965332,0.9145264625549316,0.8091704845428467,0.9716458320617676
all_data/dataset/test/image_91745.jpg,0.09216589861751152,0.15668202764976957,0.09216589861751152,0.15207373271889402,0.3142857142857143,0.3142857142857143,0.3142857142857143,0.2857142857142857,0.8525130748748779,0.9409446716308594,0.7806451320648193,1.0038795471191406
all_data/dataset/test/image_21697.jpg,0.0,0.0,0.0,0.0,0.0,0.0,0.0,0.0,0.8234434127807617,0.9334545135498047,0.8040292263031006,0.8869290351867676
all_data/dataset/test/image_92143.jpg,0.325,0.4035714285714286,0.3357142857142857,0.36428571428571427,0.8571428571428571,0.5714285714285714,0.8571428571428571,0.5714285714285714,0.8442647457122803,0.8774707317352295,0.8908298015594482,0.970935583114624
all_data/dataset/test/image_76060.jpg,0.11842105263157894,0.19736842105263158,0.11403508771929824,0.17982456140350878,0.42857142857142855,0.37142857142857144,0.42857142857142855,0.3142857142857143,0.9783115386962891,1.0463166236877441,0.9944865703582764,1.007556438446045
all_data/dataset/test/image_27839.jpg,0.1282051282051282,1.7307692307692308,0.1282051282051282,1.7307692307692308,0.3,0.3,0.3,0.3,1.006727933883667,1.2338674068450928,0.924083948135376,1.102895736694336
all_data/dataset/test/image_51762.jpg,0.0593607305936073,0.1050228310502283,0.0547945205479452,0.1004566210045662,0.2857142857142857,0.2,0.2571428571428571,0.17142857142857143,0.8424417972564697,0.9378607273101807,0.9227607250213623,0.87862229347229
all_data/dataset/test/image_23709.jpg,0.06206896551724138,0.006896551724137931,0.06206896551724138,0.006896551724137931,0.2857142857142857,0.047619047619047616,0.2857142857142857,0.047619047619047616,0.8531804084777832,0.8949062824249268,0.7895419597625732,0.9522325992584229
all_data/dataset/test/image_02839.jpg,0.0,0.0,0.0,0.0,0.0,0.0,0.0,0.0,0.832751989364624,0.9397072792053223,0.9508488178253174,1.0301153659820557
all_data/dataset/test/image_04879.jpg,0.0,0.0,0.0,0.03773584905660377,0.0,0.0,0.0,0.25,0.8801655769348145,0.9851055145263672,0.9426987171173096,1.2483155727386475
all_data/dataset/test/image_76270.jpg,0.0,0.0,0.0,0.0,0.0,0.0,0.0,0.0,0.9192705154418945,1.072995662689209,0.8641021251678467,0.8818445205688477
all_data/dataset/test/image_10732.jpg,0.0,0.044444444444444446,0.0,0.044444444444444446,0.0,0.2857142857142857,0.0,0.2857142857142857,0.8090243339538574,0.9688534736633301,0.8456301689147949,0.9977223873138428
all_data/dataset/test/image_36310.jpg,0.0967741935483871,0.06451612903225806,0.0967741935483871,0.06451612903225806,0.5,0.375,0.5,0.375,0.9031686782836914,0.9438681602478027,0.7787790298461914,0.9779942035675049
all_data/dataset/test/image_70917.jpg,0.0,0.0,0.0,0.0,0.0,0.0,0.0,0.0,0.8667502403259277,1.1742639541625977,0.9432480335235596,1.1092333793640137
all_data/dataset/test/image_68223.jpg,0.009345794392523364,0.08878504672897196,0.009345794392523364,0.08878504672897196,0.05714285714285714,0.14285714285714285,0.05714285714285714,0.14285714285714285,0.9603524208068848,1.0265088081359863,1.0118474960327148,0.9949648380279541
all_data/dataset/test/image_68898.jpg,0.05389221556886228,0.023952095808383235,0.0658682634730539,0.023952095808383235,0.25,0.1,0.3,0.1,1.1185266971588135,1.0029258728027344,0.8179411888122559,1.0469484329223633
all_data/dataset/test/image_43795.jpg,0.0,0.0,0.0,0.0,0.0,0.0,0.0,0.0,0.7191479206085205,0.9050047397613525,0.8336033821105957,0.9384176731109619
all_data/dataset/test/image_84945.jpg,0.0,0.0,0.0,0.0,0.0,0.0,0.0,0.0,0.9470465183258057,1.1261169910430908,0.7612907886505127,0.9026556015014648
all_data/dataset/test/image_69036.jpg,0.018867924528301886,0.018867924528301886,0.018867924528301886,0.018867924528301886,0.18181818181818182,0.09090909090909091,0.18181818181818182,0.09090909090909091,0.863746166229248,0.9304895401000977,0.7534224987030029,0.8595035076141357
all_data/dataset/test/image_99783.jpg,0.32941176470588235,0.2823529411764706,0.32941176470588235,0.3176470588235294,0.9090909090909091,0.7272727272727273,0.9090909090909091,0.7272727272727273,0.792072057723999,0.9352278709411621,0.7589740753173828,0.8809938430786133
all_data/dataset/test/image_86143.jpg,0.0,0.0,0.0,0.0,0.0,0.0,0.0,0.0,1.0230188369750977,1.175887107849121,0.9253060817718506,1.0295441150665283
all_data/dataset/test/image_77402.jpg,0.4044943820224719,0.35580524344569286,0.4044943820224719,0.3408239700374532,0.9714285714285714,0.6285714285714286,0.9714285714285714,0.6285714285714286,0.9865505695343018,1.121490716934204,0.8290548324584961,1.036207914352417
all_data/dataset/test/image_63491.jpg,0.0,0.0,0.0,0.0,0.0,0.0,0.0,0.0,0.929645299911499,0.986821174621582,0.9178686141967773,1.1500589847564697
all_data/dataset/test/image_52020.jpg,0.08823529411764706,0.18487394957983194,0.08823529411764706,0.18487394957983194,0.37142857142857144,0.2857142857142857,0.37142857142857144,0.2857142857142857,0.9708144664764404,1.144876480102539,0.9216210842132568,1.0534894466400146
all_data/dataset/test/image_49909.jpg,0.03225806451612903,0.10138248847926268,0.03225806451612903,0.10599078341013825,0.2,0.2,0.2,0.22857142857142856,0.8804571628570557,1.0544075965881348,0.9201722145080566,1.0116658210754395
all_data/dataset/test/image_89602.jpg,0.0,0.14285714285714285,0.0,0.14285714285714285,0.0,0.5,0.0,0.5,0.8812751770019531,1.1114909648895264,0.8325610160827637,0.9758694171905518
all_data/dataset/test/image_12873.jpg,0.0,0.0,0.0,0.0,0.0,0.0,0.0,0.0,0.8618819713592529,1.1062102317810059,0.827735185623169,1.0220201015472412
all_data/dataset/test/image_47622.jpg,0.022988505747126436,0.022988505747126436,0.022988505747126436,0.022988505747126436,0.14285714285714285,0.14285714285714285,0.14285714285714285,0.14285714285714285,0.9093112945556641,0.9696106910705566,0.8298547267913818,1.0427875518798828
all_data/dataset/test/image_24505.jpg,0.1729957805907173,0.24472573839662448,0.15611814345991562,0.25316455696202533,0.6285714285714286,0.4857142857142857,0.6285714285714286,0.4857142857142857,1.0640673637390137,1.2547156810760498,0.9406671524047852,1.1829214096069336
all_data/dataset/test/image_25667.jpg,0.0,0.0,0.0,0.0,0.0,0.0,0.0,0.0,1.0530154705047607,1.2075920104980469,1.0480177402496338,1.0991435050964355
all_data/dataset/test/image_54157.jpg,0.019801980198019802,0.019801980198019802,0.019801980198019802,0.019801980198019802,0.14285714285714285,0.14285714285714285,0.14285714285714285,0.14285714285714285,1.0288043022155762,1.4771475791931152,1.2359938621520996,1.264173984527588
all_data/dataset/test/image_53193.jpg,0.025,0.025,0.025,0.025,0.14285714285714285,0.14285714285714285,0.14285714285714285,0.14285714285714285,1.1327040195465088,1.2941920757293701,1.166954517364502,1.1040337085723877
all_data/dataset/test/image_09678.jpg,0.6329113924050633,0.34177215189873417,0.6329113924050633,0.3037974683544304,0.96,0.8,0.96,0.8,1.0179836750030518,1.203822135925293,0.9670102596282959,1.0775878429412842
all_data/dataset/test/image_28138.jpg,0.0,0.0,0.0,0.0,0.0,0.0,0.0,0.0,0.9562654495239258,1.3877058029174805,0.9483416080474854,1.1952009201049805
all_data/dataset/test/image_94038.jpg,0.0,0.0,0.0,0.0,0.0,0.0,0.0,0.0,0.9894235134124756,1.123079776763916,1.0195229053497314,1.2238547801971436
all_data/dataset/test/image_67233.jpg,0.0,0.0,0.0,0.0,0.0,0.0,0.0,0.0,0.9245142936706543,1.021578311920166,1.1167185306549072,1.0971226692199707
all_data/dataset/test/image_59884.jpg,0.0,0.0,0.0,0.0,0.0,0.0,0.0,0.0,0.9053440093994141,1.2330327033996582,0.8487839698791504,1.0259010791778564
all_data/dataset/test/image_68792.jpg,0.027472527472527472,0.005494505494505495,0.027472527472527472,0.005494505494505495,0.14285714285714285,0.03571428571428571,0.14285714285714285,0.03571428571428571,0.96669602394104,0.9409027099609375,0.7861731052398682,0.9151239395141602
all_data/dataset/test/image_84385.jpg,0.015267175572519083,0.015267175572519083,0.015267175572519083,0.015267175572519083,0.07142857142857142,0.07142857142857142,0.07142857142857142,0.07142857142857142,0.7811441421508789,0.8833556175231934,0.8679389953613281,0.90712571144104
all_data/dataset/test/image_62460.jpg,0.0,0.0,0.0,0.0,0.0,0.0,0.0,0.0,0.8190090656280518,0.9264798164367676,0.8598897457122803,1.0853052139282227
all_data/dataset/test/image_01301.jpg,0.0,0.0,0.0,0.0,0.0,0.0,0.0,0.0,1.0879855155944824,1.1463685035705566,0.986710786819458,1.0666310787200928
all_data/dataset/test/image_18402.jpg,0.0,0.0,0.0,0.0,0.0,0.0,0.0,0.0,0.9537560939788818,1.139378547668457,0.8390827178955078,1.0378608703613281
all_data/dataset/test/image_30017.jpg,0.0,0.0,0.0,0.0,0.0,0.0,0.0,0.0,0.8149487972259521,0.9881608486175537,0.9073700904846191,0.9543807506561279
all_data/dataset/test/image_21000.jpg,0.029411764705882353,0.029411764705882353,0.029411764705882353,0.029411764705882353,0.2857142857142857,0.2857142857142857,0.2857142857142857,0.2857142857142857,0.9102516174316406,1.1607224941253662,0.884169340133667,0.8858132362365723
all_data/dataset/test/image_17264.jpg,0.0,0.0,0.0,0.0,0.0,0.0,0.0,0.0,0.8368463516235352,0.9878075122833252,0.7502245903015137,1.0759162902832031
all_data/dataset/test/image_04808.jpg,0.18442622950819673,0.24180327868852458,0.1885245901639344,0.24180327868852458,0.6285714285714286,0.5142857142857142,0.6285714285714286,0.5142857142857142,0.943312406539917,0.9978113174438477,1.174814224243164,1.0412662029266357
all_data/dataset/test/image_31363.jpg,0.009433962264150943,0.06132075471698113,0.009433962264150943,0.06132075471698113,0.03125,0.125,0.03125,0.125,0.8853127956390381,0.9810993671417236,1.0219197273254395,1.0322117805480957
all_data/dataset/test/image_97468.jpg,0.1518987341772152,0.17721518987341772,0.16455696202531644,0.17721518987341772,0.5714285714285714,0.22857142857142856,0.6571428571428571,0.22857142857142856,0.8669900894165039,1.0538558959960938,0.902484655380249,1.0077834129333496
all_data/dataset/test/image_32440.jpg,0.0,0.0,0.0,0.0,0.0,0.0,0.0,0.0,0.852226734161377,1.0198776721954346,0.7756471633911133,0.8889970779418945
all_data/dataset/test/image_62573.jpg,0.0,0.0,0.0,0.0,0.0,0.0,0.0,0.0,0.823894739151001,0.9485094547271729,0.8385782241821289,0.9703350067138672
all_data/dataset/test/image_95616.jpg,0.0,0.005494505494505495,0.0,0.005494505494505495,0.0,0.03571428571428571,0.0,0.03571428571428571,0.7718067169189453,0.9256017208099365,0.8191142082214355,1.0058906078338623
all_data/dataset/test/image_52612.jpg,0.0,0.0,0.0,0.0,0.0,0.0,0.0,0.0,0.9483439922332764,1.1158502101898193,0.8314602375030518,1.0861051082611084
all_data/dataset/test/image_81236.jpg,0.0,0.0,0.0,0.0,0.0,0.0,0.0,0.0,2.3784940242767334,1.013340950012207,0.8324596881866455,0.8854415416717529
all_data/dataset/test/image_31904.jpg,0.33093525179856115,0.08633093525179857,0.33093525179856115,0.10071942446043165,0.9523809523809523,0.38095238095238093,0.9523809523809523,0.42857142857142855,0.8447761535644531,0.971660852432251,1.0550057888031006,0.9939947128295898
all_data/dataset/test/image_56106.jpg,0.01282051282051282,0.05128205128205128,0.01282051282051282,0.05128205128205128,0.07692307692307693,0.23076923076923078,0.07692307692307693,0.23076923076923078,0.8597767353057861,0.9020764827728271,0.8141782283782959,0.9559755325317383
all_data/dataset/test/image_54818.jpg,0.07575757575757576,0.07575757575757576,0.07575757575757576,0.07575757575757576,0.2,0.2,0.2,0.2,0.9617705345153809,0.8747360706329346,0.7788026332855225,0.8968625068664551
all_data/dataset/test/image_56889.jpg,0.0,0.0,0.0,0.0,0.0,0.0,0.0,0.0,0.834913969039917,1.0073144435882568,0.9591896533966064,1.1037814617156982
all_data/dataset/test/image_28160.jpg,0.0,0.0,0.0,0.0,0.0,0.0,0.0,0.0,0.8103103637695312,1.0021562576293945,1.0478525161743164,1.2972865104675293
all_data/dataset/test/image_63565.jpg,0.0,0.0,0.0,0.0,0.0,0.0,0.0,0.0,0.8602681159973145,1.1301617622375488,0.9677739143371582,1.060908555984497
all_data/dataset/test/image_28675.jpg,0.0,0.0,0.0,0.0,0.0,0.0,0.0,0.0,1.1007189750671387,1.1310677528381348,0.9195981025695801,1.0637667179107666
all_data/dataset/test/image_30120.jpg,0.019230769230769232,0.038461538461538464,0.019230769230769232,0.038461538461538464,0.125,0.25,0.125,0.25,0.8916969299316406,0.9996695518493652,1.003551959991455,1.0815036296844482
all_data/dataset/test/image_46027.jpg,0.0,0.0,0.0,0.0,0.0,0.0,0.0,0.0,0.9439177513122559,1.3139548301696777,1.0192968845367432,1.1140525341033936
all_data/dataset/test/image_43115.jpg,0.18442622950819673,0.21311475409836064,0.18032786885245902,0.21311475409836064,0.6285714285714286,0.37142857142857144,0.6285714285714286,0.37142857142857144,0.8776984214782715,0.9842019081115723,0.9973721504211426,0.9981851577758789
all_data/dataset/test/image_37399.jpg,0.07526881720430108,0.021505376344086023,0.07526881720430108,0.021505376344086023,0.35714285714285715,0.14285714285714285,0.35714285714285715,0.14285714285714285,0.8688995838165283,1.1133923530578613,0.9405689239501953,1.028062105178833
all_data/dataset/test/image_23642.jpg,0.0,0.0,0.0,0.0,0.0,0.0,0.0,0.0,0.9250798225402832,1.1285035610198975,0.8254024982452393,0.8342816829681396
all_data/dataset/test/image_35100.jpg,0.7702702702702703,0.7117117117117117,0.7657657657657657,0.7477477477477478,0.9714285714285714,0.9714285714285714,0.9714285714285714,0.9428571428571428,1.0068473815917969,1.4007458686828613,0.8263676166534424,0.926748514175415
all_data/dataset/test/image_54597.jpg,0.0,0.0,0.0,0.0,0.0,0.0,0.0,0.0,0.8341233730316162,1.0476531982421875,0.8083858489990234,0.9790346622467041
all_data/dataset/test/image_29894.jpg,0.3441295546558704,0.2145748987854251,0.3481781376518219,0.2145748987854251,0.8857142857142857,0.3142857142857143,0.9428571428571428,0.3142857142857143,0.8764793872833252,1.1715197563171387,0.8318827152252197,1.0722990036010742
all_data/dataset/test/image_41143.jpg,0.03067484662576687,0.018404907975460124,0.024539877300613498,0.018404907975460124,0.2,0.12,0.16,0.12,0.9195516109466553,0.914311408996582,0.9217050075531006,0.8889899253845215
all_data/dataset/test/image_17205.jpg,0.11952191235059761,0.2868525896414343,0.11952191235059761,0.29880478087649404,0.5714285714285714,0.45714285714285713,0.5714285714285714,0.4857142857142857,0.8447351455688477,0.953397274017334,0.8625922203063965,0.9673359394073486
all_data/dataset/test/image_57411.jpg,0.0,0.0,0.0,0.0,0.0,0.0,0.0,0.0,0.853959321975708,1.1751892566680908,0.8066666126251221,0.9283678531646729
all_data/dataset/test/image_29947.jpg,0.0,0.2857142857142857,0.0,0.2857142857142857,0.0,0.5,0.0,0.5,0.8240687847137451,0.9352912902832031,0.8437273502349854,0.9153125286102295
all_data/dataset/test/image_18736.jpg,0.006578947368421052,0.0,0.006578947368421052,0.0,0.043478260869565216,0.0,0.043478260869565216,0.0,0.8185992240905762,0.9615209102630615,0.8432192802429199,0.9053430557250977
all_data/dataset/test/image_84281.jpg,0.0,0.0,0.0,0.0,0.0,0.0,0.0,0.0,0.8845171928405762,0.9582288265228271,0.8459210395812988,0.9130356311798096
all_data/dataset/test/image_21432.jpg,0.014925373134328358,0.03980099502487562,0.014925373134328358,0.03482587064676617,0.1,0.2,0.1,0.16666666666666666,0.8358089923858643,0.9718127250671387,0.8653044700622559,0.8809809684753418
all_data/dataset/test/image_77382.jpg,0.0,0.0,0.0,0.0,0.0,0.0,0.0,0.0,0.7984800338745117,0.8878061771392822,0.7752835750579834,0.9655306339263916
all_data/dataset/test/image_16258.jpg,0.025423728813559324,0.0423728813559322,0.025423728813559324,0.0423728813559322,0.1,0.1,0.1,0.1,0.827672004699707,1.0103785991668701,0.9799866676330566,0.9657187461853027
all_data/dataset/test/image_21584.jpg,0.09090909090909091,0.24110671936758893,0.09090909090909091,0.24110671936758893,0.4857142857142857,0.34285714285714286,0.4857142857142857,0.34285714285714286,0.9395236968994141,1.003436803817749,0.8286757469177246,0.845329999923706
all_data/dataset/test/image_06768.jpg,0.0,0.0,0.0,0.0,0.0,0.0,0.0,0.0,0.9546530246734619,1.0399296283721924,0.7710518836975098,0.917097806930542
all_data/dataset/test/image_31838.jpg,0.04081632653061224,0.12244897959183673,0.04081632653061224,0.12244897959183673,0.2,0.4,0.2,0.4,0.8769471645355225,0.9096493721008301,0.8207964897155762,0.9031722545623779
all_data/dataset/test/image_92053.jpg,0.0,0.0,0.0,0.0,0.0,0.0,0.0,0.0,0.8916592597961426,0.8465409278869629,0.8133487701416016,0.8657040596008301
all_data/dataset/test/image_17545.jpg,0.0,0.0,0.0,0.0,0.0,0.0,0.0,0.0,0.8527381420135498,1.140639066696167,0.738666296005249,0.9432861804962158
all_data/dataset/test/image_12343.jpg,0.014705882352941176,0.014705882352941176,0.014705882352941176,0.014705882352941176,0.09090909090909091,0.09090909090909091,0.09090909090909091,0.09090909090909091,0.773792028427124,0.9277503490447998,0.7715215682983398,0.896838903427124
all_data/dataset/test/image_87061.jpg,0.05,0.13636363636363635,0.05,0.13636363636363635,0.14285714285714285,0.22857142857142856,0.14285714285714285,0.22857142857142856,0.8177700042724609,0.9457104206085205,0.8152010440826416,0.8747849464416504
all_data/dataset/test/image_12890.jpg,0.02531645569620253,0.02531645569620253,0.02531645569620253,0.02531645569620253,0.18181818181818182,0.18181818181818182,0.18181818181818182,0.18181818181818182,0.8343415260314941,0.9225203990936279,0.791363000869751,0.9851741790771484
all_data/dataset/test/image_46846.jpg,0.0,0.018518518518518517,0.0,0.018518518518518517,0.0,0.09090909090909091,0.0,0.09090909090909091,0.7948336601257324,0.9227769374847412,0.7904903888702393,0.937847375869751
all_data/dataset/test/image_29229.jpg,0.0,0.0,0.0,0.0,0.0,0.0,0.0,0.0,0.8888053894042969,0.9590826034545898,0.710207462310791,0.8597307205200195
all_data/dataset/test/image_63033.jpg,0.03333333333333333,0.03333333333333333,0.03333333333333333,0.03333333333333333,0.15384615384615385,0.15384615384615385,0.15384615384615385,0.15384615384615385,0.7964668273925781,0.8779027462005615,0.7883734703063965,0.875659704208374
all_data/dataset/test/image_30446.jpg,0.07142857142857142,0.07142857142857142,0.07142857142857142,0.07142857142857142,0.3333333333333333,0.3333333333333333,0.3333333333333333,0.3333333333333333,0.8260776996612549,0.941180944442749,0.8181712627410889,0.9557788372039795
all_data/dataset/test/image_29990.jpg,0.0,0.0,0.0,0.0,0.0,0.0,0.0,0.0,0.802316427230835,0.9160304069519043,0.8075528144836426,0.8903861045837402
all_data/dataset/test/image_62651.jpg,0.0,0.03333333333333333,0.0,0.03333333333333333,0.0,0.14285714285714285,0.0,0.14285714285714285,0.8257572650909424,0.9139289855957031,0.8367085456848145,0.8679318428039551
all_data/dataset/test/image_32810.jpg,0.0,0.0,0.0,0.0,0.0,0.0,0.0,0.0,0.7137646675109863,0.9415528774261475,0.8077206611633301,0.9045693874359131
all_data/dataset/test/image_49545.jpg,0.006060606060606061,0.006060606060606061,0.006060606060606061,0.006060606060606061,0.03333333333333333,0.03333333333333333,0.03333333333333333,0.03333333333333333,0.8811705112457275,0.847874641418457,0.8894515037536621,0.9548060894012451
all_data/dataset/test/image_23625.jpg,0.07734806629834254,0.04419889502762431,0.07734806629834254,0.04419889502762431,0.27586206896551724,0.20689655172413793,0.27586206896551724,0.20689655172413793,0.7647414207458496,0.8529679775238037,0.8161451816558838,0.8829576969146729
all_data/dataset/test/image_38492.jpg,0.0,0.0,0.0,0.0,0.0,0.0,0.0,0.0,0.8178439140319824,0.9390625953674316,0.8255608081817627,0.8873765468597412
all_data/dataset/test/image_33055.jpg,0.014388489208633094,0.014388489208633094,0.014388489208633094,0.014388489208633094,0.1,0.1,0.1,0.1,0.7900018692016602,0.911484956741333,0.7554647922515869,0.8623692989349365
all_data/dataset/test/image_87135.jpg,0.05263157894736842,0.05263157894736842,0.05263157894736842,0.05263157894736842,0.2,0.2,0.2,0.2,0.799217939376831,1.0073573589324951,0.8457422256469727,0.9229614734649658
all_data/dataset/test/image_28919.jpg,0.0,0.0,0.0,0.0,0.0,0.0,0.0,0.0,0.7687530517578125,0.9097542762756348,0.8120887279510498,0.8598670959472656
all_data/dataset/test/image_56516.jpg,0.0,0.0,0.0,0.0,0.0,0.0,0.0,0.0,0.8685426712036133,0.9076242446899414,0.8762893676757812,0.9276537895202637
all_data/dataset/test/image_63289.jpg,0.03076923076923077,0.015384615384615385,0.03076923076923077,0.015384615384615385,0.1111111111111111,0.1111111111111111,0.1111111111111111,0.1111111111111111,0.7818984985351562,0.8924250602722168,0.7878773212432861,0.8571107387542725
all_data/dataset/test/image_26793.jpg,0.0,0.0,0.0,0.0,0.0,0.0,0.0,0.0,0.7993490695953369,0.93324875831604,0.7610664367675781,0.930974006652832
all_data/dataset/test/image_41576.jpg,0.0,0.0,0.0,0.0,0.0,0.0,0.0,0.0,0.8136234283447266,0.875070333480835,0.8188691139221191,0.9130299091339111
all_data/dataset/test/image_80969.jpg,0.0,0.016129032258064516,0.0,0.0,0.0,0.1111111111111111,0.0,0.0,0.9948296546936035,0.929431676864624,0.9408102035522461,0.8740649223327637
all_data/dataset/test/image_51183.jpg,0.0,0.0,0.008849557522123894,0.0,0.0,0.0,0.058823529411764705,0.0,0.8208065032958984,0.8546934127807617,0.7374587059020996,0.879288911819458
all_data/dataset/test/image_23631.jpg,0.041666666666666664,0.041666666666666664,0.041666666666666664,0.041666666666666664,0.4,0.2,0.4,0.2,0.8224289417266846,0.8738765716552734,0.780160665512085,0.9837744235992432
all_data/dataset/test/image_61503.jpg,0.02127659574468085,0.005319148936170213,0.02127659574468085,0.005319148936170213,0.08571428571428572,0.02857142857142857,0.08571428571428572,0.02857142857142857,0.7967522144317627,0.84552001953125,0.797492265701294,0.8355376720428467
all_data/dataset/test/image_12537.jpg,0.027777777777777776,0.027777777777777776,0.027777777777777776,0.027777777777777776,0.18181818181818182,0.18181818181818182,0.18181818181818182,0.18181818181818182,0.7999825477600098,0.9041073322296143,0.7984740734100342,0.8610875606536865
all_data/dataset/test/image_86563.jpg,0.0,0.0,0.0,0.0,0.0,0.0,0.0,0.0,0.7887740135192871,0.8807029724121094,0.7884726524353027,0.8695151805877686
all_data/dataset/test/image_70557.jpg,0.17687074829931973,0.02040816326530612,0.1836734693877551,0.02040816326530612,0.5909090909090909,0.13636363636363635,0.5909090909090909,0.13636363636363635,0.8188331127166748,0.9093797206878662,0.7692439556121826,0.9170355796813965
all_data/dataset/test/image_37490.jpg,0.0,0.038461538461538464,0.0,0.0,0.0,0.0625,0.0,0.0,0.8464632034301758,0.8974902629852295,0.7984092235565186,0.8774528503417969
all_data/dataset/test/image_55955.jpg,0.015267175572519083,0.022900763358778626,0.015267175572519083,0.022900763358778626,0.08333333333333333,0.125,0.08333333333333333,0.125,0.7928271293640137,0.9276349544525146,0.819340705871582,0.9096944332122803
all_data/dataset/test/image_77298.jpg,0.05687203791469194,0.06635071090047394,0.05687203791469194,0.06635071090047394,0.22857142857142856,0.14285714285714285,0.2,0.14285714285714285,0.8191046714782715,0.9081246852874756,0.8245203495025635,0.8896481990814209
all_data/dataset/test/image_45187.jpg,0.028169014084507043,0.028169014084507043,0.028169014084507043,0.028169014084507043,0.18181818181818182,0.18181818181818182,0.18181818181818182,0.18181818181818182,0.7682037353515625,0.902611255645752,0.7986922264099121,0.8692584037780762
all_data/dataset/test/image_04847.jpg,0.0,0.0,0.0,0.0,0.0,0.0,0.0,0.0,0.831735372543335,0.9234881401062012,0.781872034072876,0.8440752029418945
all_data/dataset/test/image_11375.jpg,0.0,0.0,0.0,0.0,0.0,0.0,0.0,0.0,0.7886171340942383,0.9120135307312012,0.7903430461883545,0.9014787673950195
all_data/dataset/test/image_67472.jpg,0.058823529411764705,0.058823529411764705,0.058823529411764705,0.058823529411764705,0.4,0.4,0.4,0.4,0.7687680721282959,0.9015276432037354,0.7659687995910645,0.8810341358184814
all_data/dataset/test/image_05634.jpg,0.0,0.0,0.0,0.0,0.0,0.0,0.0,0.0,0.838996171951294,0.878314733505249,0.7894234657287598,0.861539363861084
all_data/dataset/test/image_03244.jpg,0.7243589743589743,0.7211538461538461,0.7211538461538461,0.7532051282051282,1.0,1.0,1.0,1.0,0.8030562400817871,0.8840694427490234,0.7911503314971924,0.9016878604888916
all_data/dataset/test/image_42238.jpg,0.0111731843575419,0.0223463687150838,0.0111731843575419,0.0223463687150838,0.08333333333333333,0.125,0.08333333333333333,0.125,0.8043792247772217,0.9275033473968506,0.8211901187896729,0.861602783203125
all_data/dataset/test/image_17261.jpg,0.0319634703196347,0.1278538812785388,0.0319634703196347,0.1278538812785388,0.22857142857142856,0.2,0.22857142857142856,0.2,0.7849545478820801,0.9053452014923096,0.8234186172485352,0.9975223541259766
all_data/dataset/test/image_17798.jpg,0.01694915254237288,0.0,0.01694915254237288,0.0,0.125,0.0,0.125,0.0,0.7966916561126709,0.8742716312408447,0.8010001182556152,0.8904380798339844
all_data/dataset/test/image_05154.jpg,0.8447488584474886,0.7808219178082192,0.8538812785388128,0.7671232876712328,0.9714285714285714,1.0,0.9714285714285714,1.0,0.8021087646484375,0.9676063060760498,0.8143279552459717,0.8695058822631836
all_data/dataset/test/image_71631.jpg,0.013986013986013986,0.0,0.013986013986013986,0.0,0.034482758620689655,0.0,0.034482758620689655,0.0,0.7939879894256592,0.8861701488494873,0.7726218700408936,0.8653531074523926
all_data/dataset/test/image_43274.jpg,0.0,0.0,0.0,0.0,0.0,0.0,0.0,0.0,0.7715070247650146,0.9334609508514404,0.846839189529419,0.9535403251647949
all_data/dataset/test/image_10395.jpg,0.08780487804878048,0.08780487804878048,0.08780487804878048,0.08780487804878048,0.2857142857142857,0.17142857142857143,0.2857142857142857,0.2,0.8470795154571533,0.9279272556304932,0.7517404556274414,0.8672463893890381
all_data/dataset/test/image_98687.jpg,0.017543859649122806,0.017543859649122806,0.017543859649122806,0.017543859649122806,0.13333333333333333,0.13333333333333333,0.13333333333333333,0.13333333333333333,0.8141453266143799,0.8629179000854492,0.7733511924743652,0.9015796184539795
all_data/dataset/test/image_10413.jpg,0.03409090909090909,0.022727272727272728,0.03409090909090909,0.011363636363636364,0.14285714285714285,0.14285714285714285,0.14285714285714285,0.07142857142857142,0.8829042911529541,1.0049757957458496,0.8744475841522217,0.9228920936584473
all_data/dataset/test/image_17023.jpg,0.0,0.030303030303030304,0.0,0.030303030303030304,0.0,0.1111111111111111,0.0,0.1111111111111111,0.890282392501831,0.8817770481109619,0.8501672744750977,0.8798468112945557
all_data/dataset/test/image_97457.jpg,0.025,0.025,0.025,0.025,0.15384615384615385,0.15384615384615385,0.15384615384615385,0.15384615384615385,0.7868216037750244,0.877277135848999,0.8155817985534668,0.8970606327056885
all_data/dataset/test/image_83201.jpg,0.0,0.0,0.0,0.0,0.0,0.0,0.0,0.0,0.7950630187988281,0.916607141494751,0.8075039386749268,0.8864524364471436
all_data/dataset/test/image_24781.jpg,0.13333333333333333,0.13333333333333333,0.13333333333333333,0.13333333333333333,1.0,1.0,1.0,1.0,0.8838365077972412,0.8646166324615479,0.7942743301391602,0.8776876926422119
all_data/dataset/test/image_78590.jpg,0.043478260869565216,0.043478260869565216,0.043478260869565216,0.043478260869565216,0.2857142857142857,0.2857142857142857,0.2857142857142857,0.2857142857142857,0.8347549438476562,0.8976693153381348,0.8835878372192383,0.8770542144775391
all_data/dataset/test/image_89725.jpg,0.031413612565445025,0.02617801047120419,0.031413612565445025,0.031413612565445025,0.1724137931034483,0.10344827586206896,0.1724137931034483,0.10344827586206896,0.8090260028839111,0.9305667877197266,0.8231520652770996,0.9077374935150146
all_data/dataset/test/image_79032.jpg,0.02643171806167401,0.13656387665198239,0.02643171806167401,0.13656387665198239,0.17142857142857143,0.22857142857142856,0.17142857142857143,0.22857142857142856,0.7564287185668945,0.8597080707550049,0.8264050483703613,0.9217066764831543
all_data/dataset/test/image_20685.jpg,0.9083333333333333,0.9833333333333333,0.925,0.9833333333333333,1.0,1.0,1.0,1.0,0.8578226566314697,0.9390432834625244,0.7830514907836914,0.8598814010620117
all_data/dataset/test/image_13115.jpg,0.015748031496062992,0.0,0.015748031496062992,0.0,0.043478260869565216,0.0,0.043478260869565216,0.0,0.7853782176971436,0.9117064476013184,0.7458627223968506,0.954805850982666
all_data/dataset/test/image_45721.jpg,0.0,0.0,0.0,0.0,0.0,0.0,0.0,0.0,0.7502562999725342,0.8985421657562256,0.7553834915161133,0.9366071224212646
all_data/dataset/test/image_26689.jpg,0.0,0.0,0.0,0.0,0.0,0.0,0.0,0.0,0.8179655075073242,0.9195191860198975,0.8440899848937988,0.8098618984222412
all_data/dataset/test/image_05023.jpg,0.02040816326530612,0.0,0.02040816326530612,0.0,0.125,0.0,0.125,0.0,0.7926745414733887,0.862633466720581,0.7909553050994873,0.871060848236084
all_data/dataset/test/image_47685.jpg,0.0,0.0,0.0,0.0,0.0,0.0,0.0,0.0,0.8056867122650146,0.8695318698883057,0.7911825180053711,0.8769221305847168
all_data/dataset/test/image_05916.jpg,0.0,0.0,0.0,0.0,0.0,0.0,0.0,0.0,0.8473384380340576,0.9388620853424072,0.8217971324920654,0.855090856552124
all_data/dataset/test/image_13561.jpg,0.0,0.0,0.0,0.0,0.0,0.0,0.0,0.0,0.8097891807556152,0.8395416736602783,0.7725553512573242,0.852351188659668
all_data/dataset/test/image_10394.jpg,0.0,0.0,0.0,0.0,0.0,0.0,0.0,0.0,0.7888889312744141,0.9065737724304199,0.8092925548553467,0.8277349472045898
all_data/dataset/test/image_00403.jpg,0.012345679012345678,0.018518518518518517,0.012345679012345678,0.018518518518518517,0.08,0.12,0.08,0.12,0.8548333644866943,1.2163472175598145,0.871058464050293,0.9948320388793945
all_data/dataset/test/image_73539.jpg,0.0,0.0,0.0,0.0,0.0,0.0,0.0,0.0,0.8057718276977539,0.9423243999481201,0.79288649559021,0.9252743721008301
all_data/dataset/test/image_54287.jpg,0.1092436974789916,0.17647058823529413,0.1092436974789916,0.18067226890756302,0.4857142857142857,0.22857142857142856,0.4857142857142857,0.2571428571428571,0.8006439208984375,0.8832662105560303,0.7762839794158936,0.85263991355896
all_data/dataset/test/image_74498.jpg,0.0196078431372549,0.058823529411764705,0.0196078431372549,0.058823529411764705,0.1111111111111111,0.1111111111111111,0.1111111111111111,0.1111111111111111,0.7646510601043701,0.9124419689178467,0.8324027061462402,0.8915975093841553
all_data/dataset/test/image_16129.jpg,0.3661417322834646,0.28346456692913385,0.35826771653543305,0.2992125984251969,0.8571428571428571,0.6285714285714286,0.8571428571428571,0.6,0.8419804573059082,0.8432972431182861,0.8032031059265137,0.8606984615325928
all_data/dataset/test/image_57291.jpg,0.0,0.10526315789473684,0.0,0.12280701754385964,0.0,0.5555555555555556,0.0,0.5555555555555556,0.8387064933776855,0.9006619453430176,0.7927310466766357,0.9109804630279541
all_data/dataset/test/image_07375.jpg,0.017094017094017096,0.03418803418803419,0.017094017094017096,0.02564102564102564,0.08695652173913043,0.13043478260869565,0.08695652173913043,0.08695652173913043,0.826481819152832,0.8799664974212646,0.8029642105102539,0.9080140590667725
all_data/dataset/test/image_22159.jpg,0.0,0.0,0.0,0.0,0.0,0.0,0.0,0.0,0.9579849243164062,0.9353492259979248,0.7754487991333008,0.8283824920654297
all_data/dataset/test/image_73085.jpg,0.7445255474452555,0.7445255474452555,0.7408759124087592,0.7481751824817519,0.9714285714285714,1.0,0.9714285714285714,1.0,0.819533109664917,0.8777468204498291,0.7486515045166016,0.8784201145172119
all_data/dataset/test/image_25978.jpg,0.16666666666666666,0.2777777777777778,0.17037037037037037,0.2777777777777778,0.6857142857142857,0.42857142857142855,0.6857142857142857,0.4,0.8071780204772949,0.9117593765258789,0.7742836475372314,0.9666087627410889
all_data/dataset/test/image_22398.jpg,0.0,0.0,0.0,0.0,0.0,0.0,0.0,0.0,0.7972688674926758,0.8278865814208984,0.8841090202331543,0.9508440494537354
all_data/dataset/test/image_08691.jpg,0.06132075471698113,0.06132075471698113,0.0660377358490566,0.06132075471698113,0.34285714285714286,0.11428571428571428,0.37142857142857144,0.11428571428571428,0.7975234985351562,0.940932035446167,0.873225212097168,0.8720583915710449
all_data/dataset/test/image_21166.jpg,0.0,0.0,0.0,0.08771929824561403,0.0,0.0,0.0,0.2,0.7782714366912842,0.8914425373077393,0.8297441005706787,0.898402214050293
all_data/dataset/test/image_38150.jpg,0.022988505747126436,0.005747126436781609,0.022988505747126436,0.005747126436781609,0.16666666666666666,0.041666666666666664,0.16666666666666666,0.041666666666666664,0.7895839214324951,0.847553014755249,0.7924563884735107,0.9145233631134033
all_data/dataset/test/image_11717.jpg,0.0064516129032258064,0.0064516129032258064,0.0064516129032258064,0.0,0.04,0.04,0.04,0.0,0.8077495098114014,0.9198627471923828,0.7593076229095459,0.9117634296417236
all_data/dataset/test/image_02430.jpg,0.02631578947368421,0.02631578947368421,0.02631578947368421,0.02631578947368421,0.125,0.125,0.125,0.125,0.8233752250671387,0.8694989681243896,0.7903459072113037,0.9086480140686035
all_data/dataset/test/image_01285.jpg,0.0,0.0,0.0,0.0,0.0,0.0,0.0,0.0,0.8064513206481934,0.858769416809082,0.771554708480835,0.875603199005127
all_data/dataset/test/image_93425.jpg,0.0,0.0,0.0,0.0,0.0,0.0,0.0,0.0,0.804478645324707,0.9236495494842529,0.8093485832214355,0.8126554489135742
all_data/dataset/test/image_47402.jpg,0.04225352112676056,0.028169014084507043,0.04225352112676056,0.028169014084507043,0.2727272727272727,0.18181818181818182,0.2727272727272727,0.18181818181818182,0.815990686416626,0.9024295806884766,0.7942006587982178,0.874758243560791
all_data/dataset/test/image_78834.jpg,0.0,0.0,0.0,0.0,0.0,0.0,0.0,0.0,0.7929635047912598,1.034559965133667,0.855914831161499,1.0836596488952637
all_data/dataset/test/image_65243.jpg,0.0,0.0,0.0,0.0,0.0,0.0,0.0,0.0,0.8770291805267334,1.0223019123077393,0.751929759979248,0.9600286483764648
